id.plot,id.site,region,eco.id,eco.name,altitude,longitude,latitude,esy4,esy16
N_BU1_A1,N_BU1,north,664,European Atlantic mixed forests,14.350000381469727,9.774601422451845,54.099155927369715,R21,R22
N_BU1_A2,N_BU1,north,664,European Atlantic mixed forests,14.350000381469727,9.774601422451845,54.099155927369715,R21,R22
N_BU1_A3,N_BU1,north,664,European Atlantic mixed forests,14.350000381469727,9.774601422451845,54.099155927369715,R22,R22
N_BU1_A4,N_BU1,north,664,European Atlantic mixed forests,14.350000381469727,9.774601422451845,54.099155927369715,R22,R22
N_BU2_A1,N_BU2,north,664,European Atlantic mixed forests,12.569999694824219,9.766568711655491,54.099968625145436,R,R
N_BU2_A2,N_BU2,north,664,European Atlantic mixed forests,12.569999694824219,9.766568711655491,54.099968625145436,R36,R
N_BU2_A3,N_BU2,north,664,European Atlantic mixed forests,12.569999694824219,9.766568711655491,54.099968625145436,R,R
N_BU2_A4,N_BU2,north,664,European Atlantic mixed forests,12.569999694824219,9.766568711655491,54.099968625145436,R,R
N_BIT_A1,N_BIT,north,664,European Atlantic mixed forests,29.850000381469727,9.71248982591909,54.06746828100496,R22,R22
N_BIT_A2,N_BIT,north,664,European Atlantic mixed forests,29.850000381469727,9.71248982591909,54.06746828100496,R22,R22
N_BIT_A3,N_BIT,north,664,European Atlantic mixed forests,29.850000381469727,9.71248982591909,54.06746828100496,R22,R22
N_BIT_A4,N_BIT,north,664,European Atlantic mixed forests,29.850000381469727,9.71248982591909,54.06746828100496,R22,R22
N_STE_A1,N_STE,north,664,European Atlantic mixed forests,4.570000171661378,9.644420626867728,54.376768930186465,R,R
N_STE_A2,N_STE,north,664,European Atlantic mixed forests,4.570000171661378,9.644420626867728,54.376768930186465,R,R
N_STE_A3,N_STE,north,664,European Atlantic mixed forests,4.570000171661378,9.644420626867728,54.376768930186465,R,R
N_STE_A4,N_STE,north,664,European Atlantic mixed forests,4.570000171661378,9.644420626867728,54.376768930186465,R,R
N_UET_A1,N_UET,north,664,European Atlantic mixed forests,17.610000610351563,9.718224004207402,53.62918256355337,R,R
N_UET_A2,N_UET,north,664,European Atlantic mixed forests,17.610000610351563,9.718224004207402,53.62918256355337,R,R
N_UET_A3,N_UET,north,664,European Atlantic mixed forests,17.610000610351563,9.718224004207402,53.62918256355337,R,R
N_UET_A4,N_UET,north,664,European Atlantic mixed forests,17.610000610351563,9.718224004207402,53.62918256355337,R,R
N_HAI_A1,N_HAI,north,664,European Atlantic mixed forests,16.59000015258789,9.734085863853823,53.59957298245976,R35,R
N_HAI_A2,N_HAI,north,664,European Atlantic mixed forests,16.59000015258789,9.734085863853823,53.59957298245976,R,R
N_HAI_A3,N_HAI,north,664,European Atlantic mixed forests,16.59000015258789,9.734085863853823,53.59957298245976,R,R
N_HAI_A4,N_HAI,north,664,European Atlantic mixed forests,16.59000015258789,9.734085863853823,53.59957298245976,R,R
N_ZDF_A1,N_ZDF,north,664,European Atlantic mixed forests,5.039999961853028,10.038774688295907,53.46811983157973,R22,R22
N_ZDF_A2,N_ZDF,north,664,European Atlantic mixed forests,5.039999961853028,10.038774688295907,53.46811983157973,R22,R22
N_ZDF_A3,N_ZDF,north,664,European Atlantic mixed forests,5.039999961853028,10.038774688295907,53.46811983157973,R,R22
N_ZDF_A4,N_ZDF,north,664,European Atlantic mixed forests,5.039999961853028,10.038774688295907,53.46811983157973,R22,R22
N_KIR_A1,N_KIR,north,664,European Atlantic mixed forests,1.429999947547913,10.169073669009213,53.42338413409407,R,R22
N_KIR_A2,N_KIR,north,664,European Atlantic mixed forests,1.429999947547913,10.169073669009213,53.42338413409407,R22,R22
N_KIR_A3,N_KIR,north,664,European Atlantic mixed forests,1.429999947547913,10.169073669009213,53.42338413409407,R22,R22
N_KIR_A4,N_KIR,north,664,European Atlantic mixed forests,1.429999947547913,10.169073669009213,53.42338413409407,R22,R22
N_WEN_A1,N_WEN,north,664,European Atlantic mixed forests,41.61000061035156,10.288644501829692,53.507261735602526,R22,R22
N_WEN_A2,N_WEN,north,664,European Atlantic mixed forests,41.61000061035156,10.288644501829692,53.507261735602526,R22,R22
N_WEN_A3,N_WEN,north,664,European Atlantic mixed forests,41.61000061035156,10.288644501829692,53.507261735602526,R22,R22
N_WEN_A4,N_WEN,north,664,European Atlantic mixed forests,41.61000061035156,10.288644501829692,53.507261735602526,R22,R22
N_BRE_A1,N_BRE,north,664,European Atlantic mixed forests,21.709999084472656,10.663326926843165,53.601827334567,R21,R
N_BRE_A2,N_BRE,north,664,European Atlantic mixed forests,21.709999084472656,10.663326926843165,53.601827334567,R22,R
N_BRE_A3,N_BRE,north,664,European Atlantic mixed forests,21.709999084472656,10.663326926843165,53.601827334567,R,R
N_BRE_A4,N_BRE,north,664,European Atlantic mixed forests,21.709999084472656,10.663326926843165,53.601827334567,R,R
N_VIE_A1,N_VIE,north,664,European Atlantic mixed forests,8.06999969482422,10.66972437220082,53.366004425182695,R22,R22
N_VIE_A2,N_VIE,north,664,European Atlantic mixed forests,8.06999969482422,10.66972437220082,53.366004425182695,R22,R22
N_VIE_A3,N_VIE,north,664,European Atlantic mixed forests,8.06999969482422,10.66972437220082,53.366004425182695,R21,R22
N_VIE_A4,N_VIE,north,664,European Atlantic mixed forests,8.06999969482422,10.66972437220082,53.366004425182695,R21,R22
N_GAR_A1,N_GAR,north,664,European Atlantic mixed forests,6.429999828338624,10.65708759386369,53.335464275224915,R,R
N_GAR_A2,N_GAR,north,664,European Atlantic mixed forests,6.429999828338624,10.65708759386369,53.335464275224915,R,R
N_GAR_A3,N_GAR,north,664,European Atlantic mixed forests,6.429999828338624,10.65708759386369,53.335464275224915,R,R
N_GAR_A4,N_GAR,north,664,European Atlantic mixed forests,6.429999828338624,10.65708759386369,53.335464275224915,R,R
N_RET_A1,N_RET,north,664,European Atlantic mixed forests,6.5,10.264638807542484,53.32578714444008,R22,R22
N_RET_A2,N_RET,north,664,European Atlantic mixed forests,6.5,10.264638807542484,53.32578714444008,R22,R22
N_RET_A3,N_RET,north,664,European Atlantic mixed forests,6.5,10.264638807542484,53.32578714444008,R,R22
N_RET_A4,N_RET,north,664,European Atlantic mixed forests,6.5,10.264638807542484,53.32578714444008,R22,R22
N_RAD_A1,N_RAD,north,664,European Atlantic mixed forests,5.960000038146974,10.265119884213236,53.32796832785964,R,R
N_RAD_A2,N_RAD,north,664,European Atlantic mixed forests,5.960000038146974,10.265119884213236,53.32796832785964,Q53,R
N_RAD_A3,N_RAD,north,664,European Atlantic mixed forests,5.960000038146974,10.265119884213236,53.32796832785964,R,R
N_RAD_A4,N_RAD,north,664,European Atlantic mixed forests,5.960000038146974,10.265119884213236,53.32796832785964,R,R
N_TUT_A1,N_TUT,north,664,European Atlantic mixed forests,78.54000091552734,9.934592759041454,53.11325526955516,R22,R22
N_TUT_A2,N_TUT,north,664,European Atlantic mixed forests,78.54000091552734,9.934592759041454,53.11325526955516,R22,R22
N_TUT_A3,N_TUT,north,664,European Atlantic mixed forests,78.54000091552734,9.934592759041454,53.11325526955516,R22,R22
N_TUT_A4,N_TUT,north,664,European Atlantic mixed forests,78.54000091552734,9.934592759041454,53.11325526955516,R,R22
N_HOR_A1,N_HOR,north,664,European Atlantic mixed forests,60.970001220703125,10.185599319635884,53.096554833942726,V,R
N_HOR_A2,N_HOR,north,664,European Atlantic mixed forests,60.970001220703125,10.185599319635884,53.096554833942726,R22,R
N_HOR_A3,N_HOR,north,664,European Atlantic mixed forests,60.970001220703125,10.185599319635884,53.096554833942726,V37,R
N_HOR_A4,N_HOR,north,664,European Atlantic mixed forests,60.970001220703125,10.185599319635884,53.096554833942726,V15,R
N_DAM_A1,N_DAM,north,664,European Atlantic mixed forests,12.600000381469727,11.137552664952281,53.12415582802398,R,R22
N_DAM_A2,N_DAM,north,664,European Atlantic mixed forests,12.600000381469727,11.137552664952281,53.12415582802398,R22,R22
N_DAM_A3,N_DAM,north,664,European Atlantic mixed forests,12.600000381469727,11.137552664952281,53.12415582802398,R,R22
N_DAM_A4,N_DAM,north,664,European Atlantic mixed forests,12.600000381469727,11.137552664952281,53.12415582802398,R22,R22
N_PEV_A1,N_PEV,north,664,European Atlantic mixed forests,16.520000457763672,11.468335653295602,53.06540808915029,R22,R22
N_PEV_A2,N_PEV,north,664,European Atlantic mixed forests,16.520000457763672,11.468335653295602,53.06540808915029,R22,R22
N_PEV_A3,N_PEV,north,664,European Atlantic mixed forests,16.520000457763672,11.468335653295602,53.06540808915029,R22,R22
N_PEV_A4,N_PEV,north,664,European Atlantic mixed forests,16.520000457763672,11.468335653295602,53.06540808915029,R22,R22
N_BRD_A1,N_BRD,north,664,European Atlantic mixed forests,16.420000076293945,11.42580109545896,53.05071543286398,R22,R22
N_BRD_A2,N_BRD,north,664,European Atlantic mixed forests,16.420000076293945,11.42580109545896,53.05071543286398,R,R22
N_BRD_A3,N_BRD,north,664,European Atlantic mixed forests,16.420000076293945,11.42580109545896,53.05071543286398,R22,R22
N_BRD_A4,N_BRD,north,664,European Atlantic mixed forests,16.420000076293945,11.42580109545896,53.05071543286398,R,R22
N_SCH_A1,N_SCH,north,664,European Atlantic mixed forests,16.270000457763672,11.426516657355025,53.03730674313553,R,R
N_SCH_A2,N_SCH,north,664,European Atlantic mixed forests,16.270000457763672,11.426516657355025,53.03730674313553,R,R
N_SCH_A3,N_SCH,north,664,European Atlantic mixed forests,16.270000457763672,11.426516657355025,53.03730674313553,R,R
N_SCH_A4,N_SCH,north,664,European Atlantic mixed forests,16.270000457763672,11.426516657355025,53.03730674313553,R,R
N_ALA_A1,N_ALA,north,664,European Atlantic mixed forests,18.139999389648438,11.639097781875218,52.995850292965756,R22,R22
N_ALA_A2,N_ALA,north,664,European Atlantic mixed forests,18.139999389648438,11.639097781875218,52.995850292965756,R22,R22
N_ALA_A3,N_ALA,north,664,European Atlantic mixed forests,18.139999389648438,11.639097781875218,52.995850292965756,R22,R22
N_ALA_A4,N_ALA,north,664,European Atlantic mixed forests,18.139999389648438,11.639097781875218,52.995850292965756,R22,R22
N_ARE_A1,N_ARE,north,664,European Atlantic mixed forests,20.579999923706055,11.413802415386465,52.908355250933155,R22,R22
N_ARE_A2,N_ARE,north,664,European Atlantic mixed forests,20.579999923706055,11.413802415386465,52.908355250933155,R22,R22
N_ARE_A3,N_ARE,north,664,European Atlantic mixed forests,20.579999923706055,11.413802415386465,52.908355250933155,R22,R22
N_ARE_A4,N_ARE,north,664,European Atlantic mixed forests,20.579999923706055,11.413802415386465,52.908355250933155,R22,R22
N_KRI_A1,N_KRI,north,664,European Atlantic mixed forests,18.56999969482422,11.28477840891728,52.890807902264484,R,R
N_KRI_A2,N_KRI,north,664,European Atlantic mixed forests,18.56999969482422,11.28477840891728,52.890807902264484,R,R
N_KRI_A3,N_KRI,north,664,European Atlantic mixed forests,18.56999969482422,11.28477840891728,52.890807902264484,R,R
N_KRI_A4,N_KRI,north,664,European Atlantic mixed forests,18.56999969482422,11.28477840891728,52.890807902264484,R,R
N_GBI_A1,N_GBI,north,664,European Atlantic mixed forests,17.15999984741211,11.216828351683535,52.89239536582707,R22,R
N_GBI_A2,N_GBI,north,664,European Atlantic mixed forests,17.15999984741211,11.216828351683535,52.89239536582707,R,R
N_GBI_A3,N_GBI,north,664,European Atlantic mixed forests,17.15999984741211,11.216828351683535,52.89239536582707,R22,R
N_GBI_A4,N_GBI,north,664,European Atlantic mixed forests,17.15999984741211,11.216828351683535,52.89239536582707,V,R
N_HOY_A1,N_HOY,north,664,European Atlantic mixed forests,17.110000610351563,11.165565556332421,52.89773370164467,R,R21
N_HOY_A2,N_HOY,north,664,European Atlantic mixed forests,17.110000610351563,11.165565556332421,52.89773370164467,R,R21
N_HOY_A3,N_HOY,north,664,European Atlantic mixed forests,17.110000610351563,11.165565556332421,52.89773370164467,R,R21
N_HOY_A4,N_HOY,north,664,European Atlantic mixed forests,17.110000610351563,11.165565556332421,52.89773370164467,R,R21
N_BLU_A1,N_BLU,north,664,European Atlantic mixed forests,17.780000686645508,11.151869925430676,52.90365006446606,R,R
N_BLU_A2,N_BLU,north,664,European Atlantic mixed forests,17.780000686645508,11.151869925430676,52.90365006446606,R,R
N_BLU_A3,N_BLU,north,664,European Atlantic mixed forests,17.780000686645508,11.151869925430676,52.90365006446606,R,R
N_BLU_A4,N_BLU,north,664,European Atlantic mixed forests,17.780000686645508,11.151869925430676,52.90365006446606,R,R
N_ISE_A1,N_ISE,north,664,European Atlantic mixed forests,55.189998626708984,10.616171179532746,52.585659246654544,R21,R22
N_ISE_A2,N_ISE,north,664,European Atlantic mixed forests,55.189998626708984,10.616171179532746,52.585659246654544,R22,R22
N_ISE_A3,N_ISE,north,664,European Atlantic mixed forests,55.189998626708984,10.616171179532746,52.585659246654544,R22,R22
N_ISE_A4,N_ISE,north,664,European Atlantic mixed forests,55.189998626708984,10.616171179532746,52.585659246654544,R21,R22
N_BEB_A1,N_BEB,north,664,European Atlantic mixed forests,54.290000915527344,10.587052187720982,52.56455022508017,R22,R22
N_BEB_A2,N_BEB,north,664,European Atlantic mixed forests,54.290000915527344,10.587052187720982,52.56455022508017,R22,R22
N_BEB_A3,N_BEB,north,664,European Atlantic mixed forests,54.290000915527344,10.587052187720982,52.56455022508017,R22,R22
N_BEB_A4,N_BEB,north,664,European Atlantic mixed forests,54.290000915527344,10.587052187720982,52.56455022508017,R22,R22
N_SMG_A1,N_SMG,north,664,European Atlantic mixed forests,53.029998779296875,10.552676733689742,52.53846877735587,R,R
N_SMG_A2,N_SMG,north,664,European Atlantic mixed forests,53.029998779296875,10.552676733689742,52.53846877735587,R,R
N_SMG_A3,N_SMG,north,664,European Atlantic mixed forests,53.029998779296875,10.552676733689742,52.53846877735587,R,R
N_SMG_A4,N_SMG,north,664,European Atlantic mixed forests,53.029998779296875,10.552676733689742,52.53846877735587,R,R
N_GAM_A1,N_GAM,north,664,European Atlantic mixed forests,52.41999816894531,10.54880197984064,52.51725778001546,R,R
N_GAM_A2,N_GAM,north,664,European Atlantic mixed forests,52.41999816894531,10.54880197984064,52.51725778001546,R,R
N_GAM_A3,N_GAM,north,664,European Atlantic mixed forests,52.41999816894531,10.54880197984064,52.51725778001546,R,R
N_GAM_A4,N_GAM,north,664,European Atlantic mixed forests,52.41999816894531,10.54880197984064,52.51725778001546,R,R
S_ACR_A1,S_ACR,south,686,Western European broadleaf forests,313.8500061035156,12.94115243627902,48.7693445136524,R1A,R1A
S_ACR_A2,S_ACR,south,686,Western European broadleaf forests,313.8500061035156,12.94115243627902,48.7693445136524,R1A,R1A
S_ACR_A3,S_ACR,south,686,Western European broadleaf forests,313.8500061035156,12.94115243627902,48.7693445136524,R,R1A
S_ACR_A4,S_ACR,south,686,Western European broadleaf forests,313.8500061035156,12.94115243627902,48.7693445136524,R1A,R1A
S_AUH_A1,S_AUH,south,686,Western European broadleaf forests,406.0299987792969,12.759647898003088,48.605865982615384,R,R1A
S_AUH_A2,S_AUH,south,686,Western European broadleaf forests,406.0299987792969,12.759647898003088,48.605865982615384,R1A,R1A
S_AUH_A3,S_AUH,south,686,Western European broadleaf forests,406.0299987792969,12.759647898003088,48.605865982615384,R1A,R1A
S_AUH_A4,S_AUH,south,686,Western European broadleaf forests,406.0299987792969,12.759647898003088,48.605865982615384,R1A,R1A
S_AUL_A1,S_AUL,south,686,Western European broadleaf forests,381.8800048828125,12.219210222151172,48.57198665490678,R22,R22
S_AUL_A2,S_AUL,south,686,Western European broadleaf forests,381.8800048828125,12.219210222151172,48.57198665490678,R,R22
S_AUL_A3,S_AUL,south,686,Western European broadleaf forests,381.8800048828125,12.219210222151172,48.57198665490678,R22,R22
S_AUL_A4,S_AUL,south,686,Western European broadleaf forests,381.8800048828125,12.219210222151172,48.57198665490678,R22,R22
S_BUC_A1,S_BUC,south,686,Western European broadleaf forests,384.2099914550781,12.915940093384767,48.254953462496346,R22,R22
S_BUC_A2,S_BUC,south,686,Western European broadleaf forests,384.2099914550781,12.915940093384767,48.254953462496346,R22,R22
S_BUC_A3,S_BUC,south,686,Western European broadleaf forests,384.2099914550781,12.915940093384767,48.254953462496346,R22,R22
S_BUC_A4,S_BUC,south,686,Western European broadleaf forests,384.2099914550781,12.915940093384767,48.254953462496346,R22,R22
S_DIE_A1,S_DIE,south,686,Western European broadleaf forests,471.510009765625,11.682875320005321,48.2753208601295,R,R
S_DIE_A2,S_DIE,south,686,Western European broadleaf forests,471.510009765625,11.682875320005321,48.2753208601295,R,R
S_DIE_A3,S_DIE,south,686,Western European broadleaf forests,471.510009765625,11.682875320005321,48.2753208601295,R,R
S_DIE_A4,S_DIE,south,686,Western European broadleaf forests,471.510009765625,11.682875320005321,48.2753208601295,R22,R
S_ECH_A1,S_ECH,south,686,Western European broadleaf forests,472.79998779296875,11.644207477280096,48.27851351518267,R1A,R1A
S_ECH_A2,S_ECH,south,686,Western European broadleaf forests,472.79998779296875,11.644207477280096,48.27851351518267,R1A,R1A
S_ECH_A3,S_ECH,south,686,Western European broadleaf forests,472.79998779296875,11.644207477280096,48.27851351518267,R,R1A
S_ECH_A4,S_ECH,south,686,Western European broadleaf forests,472.79998779296875,11.644207477280096,48.27851351518267,R1A,R1A
S_FCH_A1,S_FCH,south,686,Western European broadleaf forests,310.3900146484375,12.99798413915347,48.77785170337678,R22,R22
S_FCH_A2,S_FCH,south,686,Western European broadleaf forests,310.3900146484375,12.99798413915347,48.77785170337678,R,R22
S_FCH_A3,S_FCH,south,686,Western European broadleaf forests,310.3900146484375,12.99798413915347,48.77785170337678,R22,R22
S_FCH_A4,S_FCH,south,686,Western European broadleaf forests,310.3900146484375,12.99798413915347,48.77785170337678,R22,R22
S_FHZ_A1,S_FHZ,south,686,Western European broadleaf forests,458.30999755859375,11.62566181174083,48.33018411448075,R37,R35
S_FHZ_A2,S_FHZ,south,686,Western European broadleaf forests,458.30999755859375,11.62566181174083,48.33018411448075,R37,R35
S_FHZ_A3,S_FHZ,south,686,Western European broadleaf forests,458.30999755859375,11.62566181174083,48.33018411448075,R35,R35
S_FHZ_A4,S_FHZ,south,686,Western European broadleaf forests,458.30999755859375,11.62566181174083,48.33018411448075,R35,R35
S_GIG_A1,S_GIG,south,686,Western European broadleaf forests,450.6499938964844,11.677587683868394,48.36299591905028,R22,R
S_GIG_A2,S_GIG,south,686,Western European broadleaf forests,450.6499938964844,11.677587683868394,48.36299591905028,R,R
S_GIG_A3,S_GIG,south,686,Western European broadleaf forests,450.6499938964844,11.677587683868394,48.36299591905028,Sa,R
S_GIG_A4,S_GIG,south,686,Western European broadleaf forests,450.6499938964844,11.677587683868394,48.36299591905028,R,R
S_GSH_A1,S_GSH,south,686,Western European broadleaf forests,486.17999267578125,12.237457021278894,48.48982286043352,V11,R
S_GSH_A2,S_GSH,south,686,Western European broadleaf forests,486.17999267578125,12.237457021278894,48.48982286043352,V11,R
S_GSH_A3,S_GSH,south,686,Western European broadleaf forests,486.17999267578125,12.237457021278894,48.48982286043352,R,R
S_GSH_A4,S_GSH,south,686,Western European broadleaf forests,486.17999267578125,12.237457021278894,48.48982286043352,R22,R
S_GTZ_A1,S_GTZ,south,686,Western European broadleaf forests,408.739990234375,12.910753474542082,48.28923403644138,R,R
S_GTZ_A2,S_GTZ,south,686,Western European broadleaf forests,408.739990234375,12.910753474542082,48.28923403644138,R35,R
S_GTZ_A3,S_GTZ,south,686,Western European broadleaf forests,408.739990234375,12.910753474542082,48.28923403644138,R,R
S_GTZ_A4,S_GTZ,south,686,Western European broadleaf forests,408.739990234375,12.910753474542082,48.28923403644138,R22,R
S_HGR_A1,S_HGR,south,686,Western European broadleaf forests,429.05999755859375,12.172034849567611,48.530018848202815,R,R
S_HGR_A2,S_HGR,south,686,Western European broadleaf forests,429.05999755859375,12.172034849567611,48.530018848202815,R,R
S_HGR_A3,S_HGR,south,686,Western European broadleaf forests,429.05999755859375,12.172034849567611,48.530018848202815,R,R
S_HGR_A4,S_HGR,south,686,Western European broadleaf forests,429.05999755859375,12.172034849567611,48.530018848202815,R22,R
S_HLZ_A1,S_HLZ,south,686,Western European broadleaf forests,417.2300109863281,12.799592336349749,48.51803671178472,R,R
S_HLZ_A2,S_HLZ,south,686,Western European broadleaf forests,417.2300109863281,12.799592336349749,48.51803671178472,R,R
S_HLZ_A3,S_HLZ,south,686,Western European broadleaf forests,417.2300109863281,12.799592336349749,48.51803671178472,R,R
S_HLZ_A4,S_HLZ,south,686,Western European broadleaf forests,417.2300109863281,12.799592336349749,48.51803671178472,R,R
S_JAN_A1,S_JAN,south,686,Western European broadleaf forests,470.3299865722656,12.699013953905972,48.53915881013705,R,R
S_JAN_A2,S_JAN,south,686,Western European broadleaf forests,470.3299865722656,12.699013953905972,48.53915881013705,R,R
S_JAN_A3,S_JAN,south,686,Western European broadleaf forests,470.3299865722656,12.699013953905972,48.53915881013705,R,R
S_JAN_A4,S_JAN,south,686,Western European broadleaf forests,470.3299865722656,12.699013953905972,48.53915881013705,R,R
S_JAU_A1,S_JAU,south,686,Western European broadleaf forests,459.82000732421875,12.712313852931302,48.5016131866737,R,R22
S_JAU_A2,S_JAU,south,686,Western European broadleaf forests,459.82000732421875,12.712313852931302,48.5016131866737,R21,R22
S_JAU_A3,S_JAU,south,686,Western European broadleaf forests,459.82000732421875,12.712313852931302,48.5016131866737,R22,R22
S_JAU_A4,S_JAU,south,686,Western European broadleaf forests,459.82000732421875,12.712313852931302,48.5016131866737,R22,R22
S_JOS_A1,S_JOS,south,686,Western European broadleaf forests,446.760009765625,12.171905495759827,48.527023635236986,R,R
S_JOS_A2,S_JOS,south,686,Western European broadleaf forests,446.760009765625,12.171905495759827,48.527023635236986,R,R
S_JOS_A3,S_JOS,south,686,Western European broadleaf forests,446.760009765625,12.171905495759827,48.527023635236986,R21,R
S_JOS_A4,S_JOS,south,686,Western European broadleaf forests,446.760009765625,12.171905495759827,48.527023635236986,R,R
S_MBM_A1,S_MBM,south,686,Western European broadleaf forests,372.0899963378906,12.303897120372794,48.62358624004695,R1A,R1A
S_MBM_A2,S_MBM,south,686,Western European broadleaf forests,372.0899963378906,12.303897120372794,48.62358624004695,R1A,R1A
S_MBM_A3,S_MBM,south,686,Western European broadleaf forests,372.0899963378906,12.303897120372794,48.62358624004695,R1A,R1A
S_MBM_A4,S_MBM,south,686,Western European broadleaf forests,372.0899963378906,12.303897120372794,48.62358624004695,Q53,R1A
S_NOZ_A1,S_NOZ,south,686,Western European broadleaf forests,467.489990234375,11.853034906481264,48.306486410822146,R,R
S_NOZ_A2,S_NOZ,south,686,Western European broadleaf forests,467.489990234375,11.853034906481264,48.306486410822146,R,R
S_NOZ_A3,S_NOZ,south,686,Western European broadleaf forests,467.489990234375,11.853034906481264,48.306486410822146,R,R
S_NOZ_A4,S_NOZ,south,686,Western European broadleaf forests,467.489990234375,11.853034906481264,48.306486410822146,R,R
S_PEI_A1,S_PEI,south,686,Western European broadleaf forests,374.6700134277344,12.045988484407125,48.91343401020398,R22,R22
S_PEI_A2,S_PEI,south,686,Western European broadleaf forests,374.6700134277344,12.045988484407125,48.91343401020398,R22,R22
S_PEI_A3,S_PEI,south,686,Western European broadleaf forests,374.6700134277344,12.045988484407125,48.91343401020398,R,R22
S_PEI_A4,S_PEI,south,686,Western European broadleaf forests,374.6700134277344,12.045988484407125,48.91343401020398,R,R22
S_PEN_A1,S_PEN,south,686,Western European broadleaf forests,365.8800048828125,12.08385736680861,48.918858743032345,R,R22
S_PEN_A2,S_PEN,south,686,Western European broadleaf forests,365.8800048828125,12.08385736680861,48.918858743032345,R,R22
S_PEN_A3,S_PEN,south,686,Western European broadleaf forests,365.8800048828125,12.08385736680861,48.918858743032345,R22,R22
S_PEN_A4,S_PEN,south,686,Western European broadleaf forests,365.8800048828125,12.08385736680861,48.918858743032345,R22,R22
S_SBA_A1,S_SBA,south,686,Western European broadleaf forests,347.6199951171875,12.916309094992446,48.22090621961309,R,R1A
S_SBA_A2,S_SBA,south,686,Western European broadleaf forests,347.6199951171875,12.916309094992446,48.22090621961309,R1A,R1A
S_SBA_A3,S_SBA,south,686,Western European broadleaf forests,347.6199951171875,12.916309094992446,48.22090621961309,R1A,R1A
S_SBA_A4,S_SBA,south,686,Western European broadleaf forests,347.6199951171875,12.916309094992446,48.22090621961309,R1A,R1A
S_SBN_A1,S_SBN,south,686,Western European broadleaf forests,347.3800048828125,12.914955143962441,48.22181620424748,R1A,R1A
S_SBN_A2,S_SBN,south,686,Western European broadleaf forests,347.3800048828125,12.914955143962441,48.22181620424748,R1A,R1A
S_SBN_A3,S_SBN,south,686,Western European broadleaf forests,347.3800048828125,12.914955143962441,48.22181620424748,R1A,R1A
S_SBN_A4,S_SBN,south,686,Western European broadleaf forests,347.3800048828125,12.914955143962441,48.22181620424748,R1A,R1A
S_SHH_A1,S_SHH,south,686,Western European broadleaf forests,377.3399963378906,11.802239373946195,48.84317952907935,R21,R22
S_SHH_A2,S_SHH,south,686,Western European broadleaf forests,377.3399963378906,11.802239373946195,48.84317952907935,R21,R22
S_SHH_A3,S_SHH,south,686,Western European broadleaf forests,377.3399963378906,11.802239373946195,48.84317952907935,R22,R22
S_SHH_A4,S_SHH,south,686,Western European broadleaf forests,377.3399963378906,11.802239373946195,48.84317952907935,R22,R22
S_SNF_A1,S_SNF,south,686,Western European broadleaf forests,423.6199951171875,12.826639919209367,48.49460354771543,R,R
S_SNF_A2,S_SNF,south,686,Western European broadleaf forests,423.6199951171875,12.826639919209367,48.49460354771543,R,R
S_SNF_A3,S_SNF,south,686,Western European broadleaf forests,423.6199951171875,12.826639919209367,48.49460354771543,R,R
S_SNF_A4,S_SNF,south,686,Western European broadleaf forests,423.6199951171875,12.826639919209367,48.49460354771543,R,R
S_STW_A1,S_STW,south,686,Western European broadleaf forests,310.8900146484375,12.95283714777586,48.803540793300826,R37,R35
S_STW_A2,S_STW,south,686,Western European broadleaf forests,310.8900146484375,12.95283714777586,48.803540793300826,R37,R35
S_STW_A3,S_STW,south,686,Western European broadleaf forests,310.8900146484375,12.95283714777586,48.803540793300826,R,R35
S_STW_A4,S_STW,south,686,Western European broadleaf forests,310.8900146484375,12.95283714777586,48.803540793300826,R,R35
S_VLP_A1,S_VLP,south,686,Western European broadleaf forests,344.0799865722656,12.905894758986488,48.63870818338975,R,R
S_VLP_A2,S_VLP,south,686,Western European broadleaf forests,344.0799865722656,12.905894758986488,48.63870818338975,R,R
S_VLP_A3,S_VLP,south,686,Western European broadleaf forests,344.0799865722656,12.905894758986488,48.63870818338975,R,R
S_VLP_A4,S_VLP,south,686,Western European broadleaf forests,344.0799865722656,12.905894758986488,48.63870818338975,R35,R
S_VLR_A1,S_VLR,south,686,Western European broadleaf forests,341.8399963378906,12.919623293739415,48.63645503632107,R,R
S_VLR_A2,S_VLR,south,686,Western European broadleaf forests,341.8399963378906,12.919623293739415,48.63645503632107,R22,R
S_VLR_A3,S_VLR,south,686,Western European broadleaf forests,341.8399963378906,12.919623293739415,48.63645503632107,R,R
S_VLR_A4,S_VLR,south,686,Western European broadleaf forests,341.8399963378906,12.919623293739415,48.63645503632107,R,R
S_WGD_A1,S_WGD,south,686,Western European broadleaf forests,474.010009765625,12.436419837153949,48.56602653640712,R22,R22
S_WGD_A2,S_WGD,south,686,Western European broadleaf forests,474.010009765625,12.436419837153949,48.56602653640712,R22,R22
S_WGD_A3,S_WGD,south,686,Western European broadleaf forests,474.010009765625,12.436419837153949,48.56602653640712,R22,R22
S_WGD_A4,S_WGD,south,686,Western European broadleaf forests,474.010009765625,12.436419837153949,48.56602653640712,R22,R22
S_WTH_A1,S_WTH,south,686,Western European broadleaf forests,311.1400146484375,12.961748492931246,48.80605399262865,R,R
S_WTH_A2,S_WTH,south,686,Western European broadleaf forests,311.1400146484375,12.961748492931246,48.80605399262865,R,R
S_WTH_A3,S_WTH,south,686,Western European broadleaf forests,311.1400146484375,12.961748492931246,48.80605399262865,R,R
S_WTH_A4,S_WTH,south,686,Western European broadleaf forests,311.1400146484375,12.961748492931246,48.80605399262865,R22,R
M_ALT_A1,M_ALT,centre,654,Central European mixed forests,58.13999938964844,11.748070349715409,51.82958951602433,V38,R
M_ALT_A2,M_ALT,centre,654,Central European mixed forests,58.13999938964844,11.748070349715409,51.82958951602433,R22,R
M_ALT_A3,M_ALT,centre,654,Central European mixed forests,58.13999938964844,11.748070349715409,51.82958951602433,R22,R
M_ALT_A4,M_ALT,centre,654,Central European mixed forests,58.13999938964844,11.748070349715409,51.82958951602433,R,R
M_BAD_A1,M_BAD,centre,654,Central European mixed forests,184.0800018310547,11.592279025724437,51.32216742744491,R1A,R1A
M_BAD_A2,M_BAD,centre,654,Central European mixed forests,184.0800018310547,11.592279025724437,51.32216742744491,R1A,R1A
M_BAD_A3,M_BAD,centre,654,Central European mixed forests,184.0800018310547,11.592279025724437,51.32216742744491,R1A,R1A
M_BAD_A4,M_BAD,centre,654,Central European mixed forests,184.0800018310547,11.592279025724437,51.32216742744491,R1A,R1A
M_BEN_A1,M_BEN,centre,654,Central European mixed forests,131.82000732421875,11.86002023846271,51.48599594404243,V38,R
M_BEN_A2,M_BEN,centre,654,Central European mixed forests,131.82000732421875,11.86002023846271,51.48599594404243,V38,R
M_BEN_A3,M_BEN,centre,654,Central European mixed forests,131.82000732421875,11.86002023846271,51.48599594404243,V38,R
M_BEN_A4,M_BEN,centre,654,Central European mixed forests,131.82000732421875,11.86002023846271,51.48599594404243,R,R
M_BUH_A1,M_BUH,centre,654,Central European mixed forests,104.79000091552734,10.609482554634903,52.008909996444736,R22,R
M_BUH_A2,M_BUH,centre,654,Central European mixed forests,104.79000091552734,10.609482554634903,52.008909996444736,R,R
M_BUH_A3,M_BUH,centre,654,Central European mixed forests,104.79000091552734,10.609482554634903,52.008909996444736,R,R
M_BUH_A4,M_BUH,centre,654,Central European mixed forests,104.79000091552734,10.609482554634903,52.008909996444736,R,R
M_CAL_A1,M_CAL,centre,654,Central European mixed forests,54.959999084472656,11.812782297367113,51.91316940803842,R22,R22
M_CAL_A2,M_CAL,centre,654,Central European mixed forests,54.959999084472656,11.812782297367113,51.91316940803842,R22,R22
M_CAL_A3,M_CAL,centre,654,Central European mixed forests,54.959999084472656,11.812782297367113,51.91316940803842,R22,R22
M_CAL_A4,M_CAL,centre,654,Central European mixed forests,54.959999084472656,11.812782297367113,51.91316940803842,R,R22
M_CBE_A1,M_CBE,centre,654,Central European mixed forests,55.540000915527344,11.816226022263457,51.91392502255315,R,R
M_CBE_A2,M_CBE,centre,654,Central European mixed forests,55.540000915527344,11.816226022263457,51.91392502255315,R,R
M_CBE_A3,M_CBE,centre,654,Central European mixed forests,55.540000915527344,11.816226022263457,51.91392502255315,R,R
M_CBE_A4,M_CBE,centre,654,Central European mixed forests,55.540000915527344,11.816226022263457,51.91392502255315,R,R
M_DOB_A1,M_DOB,centre,654,Central European mixed forests,124.81999969482422,11.763067110752916,51.62001263111633,R,R
M_DOB_A2,M_DOB,centre,654,Central European mixed forests,124.81999969482422,11.763067110752916,51.62001263111633,R1A,R
M_DOB_A3,M_DOB,centre,654,Central European mixed forests,124.81999969482422,11.763067110752916,51.62001263111633,R,R
M_DOB_A4,M_DOB,centre,654,Central European mixed forests,124.81999969482422,11.763067110752916,51.62001263111633,R,R
M_GRO_A1,M_GRO,centre,654,Central European mixed forests,61.650001525878906,11.683901207905137,51.765790641584445,R22,R22
M_GRO_A2,M_GRO,centre,654,Central European mixed forests,61.650001525878906,11.683901207905137,51.765790641584445,R22,R22
M_GRO_A3,M_GRO,centre,654,Central European mixed forests,61.650001525878906,11.683901207905137,51.765790641584445,R,R22
M_GRO_A4,M_GRO,centre,654,Central European mixed forests,61.650001525878906,11.683901207905137,51.765790641584445,R,R22
M_HAI_A1,M_HAI,centre,686,Western European broadleaf forests,302.8399963378906,11.183854289821063,51.50506445866196,R22,R22
M_HAI_A2,M_HAI,centre,686,Western European broadleaf forests,302.8399963378906,11.183854289821063,51.50506445866196,R,R22
M_HAI_A3,M_HAI,centre,686,Western European broadleaf forests,302.8399963378906,11.183854289821063,51.50506445866196,R,R22
M_HAI_A4,M_HAI,centre,686,Western European broadleaf forests,302.8399963378906,11.183854289821063,51.50506445866196,R22,R22
M_HIR_A1,M_HIR,centre,654,Central European mixed forests,207.1199951171875,11.687104287225166,51.198192604432094,R1A,R1A
M_HIR_A2,M_HIR,centre,654,Central European mixed forests,207.1199951171875,11.687104287225166,51.198192604432094,?,R1A
M_HIR_A3,M_HIR,centre,654,Central European mixed forests,207.1199951171875,11.687104287225166,51.198192604432094,R1A,R1A
M_HIR_A4,M_HIR,centre,654,Central European mixed forests,207.1199951171875,11.687104287225166,51.198192604432094,R1A,R1A
M_HLI_A1,M_HLI,centre,686,Western European broadleaf forests,344.57000732421875,11.331029881994905,51.53507321072819,R22,R22
M_HLI_A2,M_HLI,centre,686,Western European broadleaf forests,344.57000732421875,11.331029881994905,51.53507321072819,R22,R22
M_HLI_A3,M_HLI,centre,686,Western European broadleaf forests,344.57000732421875,11.331029881994905,51.53507321072819,R22,R22
M_HLI_A4,M_HLI,centre,686,Western European broadleaf forests,344.57000732421875,11.331029881994905,51.53507321072819,R22,R22
M_HOH_A1,M_HOH,centre,654,Central European mixed forests,61.650001525878906,11.65059087796308,51.85418881587284,V,R
M_HOH_A2,M_HOH,centre,654,Central European mixed forests,61.650001525878906,11.65059087796308,51.85418881587284,R22,R
M_HOH_A3,M_HOH,centre,654,Central European mixed forests,61.650001525878906,11.65059087796308,51.85418881587284,R,R
M_HOH_A4,M_HOH,centre,654,Central European mixed forests,61.650001525878906,11.65059087796308,51.85418881587284,R,R
M_KAL_A1,M_KAL,centre,686,Western European broadleaf forests,274.9100036621094,11.161403598320403,51.49407412889426,R1A,R1A
M_KAL_A2,M_KAL,centre,686,Western European broadleaf forests,274.9100036621094,11.161403598320403,51.49407412889426,R,R1A
M_KAL_A3,M_KAL,centre,686,Western European broadleaf forests,274.9100036621094,11.161403598320403,51.49407412889426,R1A,R1A
M_KAL_A4,M_KAL,centre,686,Western European broadleaf forests,274.9100036621094,11.161403598320403,51.49407412889426,R1A,R1A
M_KIF_A1,M_KIF,centre,654,Central European mixed forests,114.7300033569336,11.756831599428516,51.65465985298374,R1A,R1A
M_KIF_A2,M_KIF,centre,654,Central European mixed forests,114.7300033569336,11.756831599428516,51.65465985298374,R1A,R1A
M_KIF_A3,M_KIF,centre,654,Central European mixed forests,114.7300033569336,11.756831599428516,51.65465985298374,R1A,R1A
M_KIF_A4,M_KIF,centre,654,Central European mixed forests,114.7300033569336,11.756831599428516,51.65465985298374,R1A,R1A
M_KOT_A1,M_KOT,centre,654,Central European mixed forests,72,11.977434950640914,51.761127117577765,R22,R22
M_KOT_A2,M_KOT,centre,654,Central European mixed forests,72,11.977434950640914,51.761127117577765,R22,R22
M_KOT_A3,M_KOT,centre,654,Central European mixed forests,72,11.977434950640914,51.761127117577765,R22,R22
M_KOT_A4,M_KOT,centre,654,Central European mixed forests,72,11.977434950640914,51.761127117577765,R22,R22
M_KUH_A1,M_KUH,centre,654,Central European mixed forests,161.2100067138672,11.832309356308171,51.25517652013326,R1A,R1A
M_KUH_A2,M_KUH,centre,654,Central European mixed forests,161.2100067138672,11.832309356308171,51.25517652013326,R1A,R1A
M_KUH_A3,M_KUH,centre,654,Central European mixed forests,161.2100067138672,11.832309356308171,51.25517652013326,R1A,R1A
M_KUH_A4,M_KUH,centre,654,Central European mixed forests,161.2100067138672,11.832309356308171,51.25517652013326,R1A,R1A
M_NEL_A1,M_NEL,centre,654,Central European mixed forests,96.339996337890625,11.753355120578268,51.66467972793134,R1B,R1B
M_NEL_A2,M_NEL,centre,654,Central European mixed forests,96.339996337890625,11.753355120578268,51.66467972793134,R,R1B
M_NEL_A3,M_NEL,centre,654,Central European mixed forests,96.339996337890625,11.753355120578268,51.66467972793134,R16,R1B
M_NEL_A4,M_NEL,centre,654,Central European mixed forests,96.339996337890625,11.753355120578268,51.66467972793134,R1B,R1B
M_NIS_A1,M_NIS,centre,654,Central European mixed forests,204.77000427246094,11.760499927870892,51.204287933899714,R1A,R1A
M_NIS_A2,M_NIS,centre,654,Central European mixed forests,204.77000427246094,11.760499927870892,51.204287933899714,R1A,R1A
M_NIS_A3,M_NIS,centre,654,Central European mixed forests,204.77000427246094,11.760499927870892,51.204287933899714,R1A,R1A
M_NIS_A4,M_NIS,centre,654,Central European mixed forests,204.77000427246094,11.760499927870892,51.204287933899714,R1A,R1A
M_SKF_A1,M_SKF,centre,654,Central European mixed forests,66.11000061035156,11.574911709105598,52.0287598167216,R22,R22
M_SKF_A2,M_SKF,centre,654,Central European mixed forests,66.11000061035156,11.574911709105598,52.0287598167216,R22,R22
M_SKF_A3,M_SKF,centre,654,Central European mixed forests,66.11000061035156,11.574911709105598,52.0287598167216,R22,R22
M_SKF_A4,M_SKF,centre,654,Central European mixed forests,66.11000061035156,11.574911709105598,52.0287598167216,R1A,R22
M_SSB_A1,M_SSB,centre,654,Central European mixed forests,182.17999267578125,11.721609414793512,51.21551541773879,R1A,R1A
M_SSB_A2,M_SSB,centre,654,Central European mixed forests,182.17999267578125,11.721609414793512,51.21551541773879,R1A,R1A
M_SSB_A3,M_SSB,centre,654,Central European mixed forests,182.17999267578125,11.721609414793512,51.21551541773879,R1A,R1A
M_SSB_A4,M_SSB,centre,654,Central European mixed forests,182.17999267578125,11.721609414793512,51.21551541773879,R16,R1A
M_SUL_A1,M_SUL,centre,654,Central European mixed forests,73.33000183105469,11.561578114215433,52.02835510815414,R,R
M_SUL_A2,M_SUL,centre,654,Central European mixed forests,73.33000183105469,11.561578114215433,52.02835510815414,R,R
M_SUL_A3,M_SUL,centre,654,Central European mixed forests,73.33000183105469,11.561578114215433,52.02835510815414,R,R
M_SUL_A4,M_SUL,centre,654,Central European mixed forests,73.33000183105469,11.561578114215433,52.02835510815414,R,R
M_TAN_A1,M_TAN,centre,654,Central European mixed forests,120.5999984741211,11.756821079982208,51.64052352917288,R1A,R1A
M_TAN_A2,M_TAN,centre,654,Central European mixed forests,120.5999984741211,11.756821079982208,51.64052352917288,R1A,R1A
M_TAN_A3,M_TAN,centre,654,Central European mixed forests,120.5999984741211,11.756821079982208,51.64052352917288,R1A,R1A
M_TAN_A4,M_TAN,centre,654,Central European mixed forests,120.5999984741211,11.756821079982208,51.64052352917288,R1A,R1A
M_TTO_A1,M_TTO,centre,654,Central European mixed forests,205.66000366210938,11.732216914531756,51.184720955190365,R1A,R1A
M_TTO_A2,M_TTO,centre,654,Central European mixed forests,205.66000366210938,11.732216914531756,51.184720955190365,R1A,R1A
M_TTO_A3,M_TTO,centre,654,Central European mixed forests,205.66000366210938,11.732216914531756,51.184720955190365,R1A,R1A
M_TTO_A4,M_TTO,centre,654,Central European mixed forests,205.66000366210938,11.732216914531756,51.184720955190365,R1A,R1A
M_TTP_A1,M_TTP,centre,654,Central European mixed forests,217.33999633789063,11.751711558409554,51.20209678534017,R1A,R1A
M_TTP_A2,M_TTP,centre,654,Central European mixed forests,217.33999633789063,11.751711558409554,51.20209678534017,R1A,R1A
M_TTP_A3,M_TTP,centre,654,Central European mixed forests,217.33999633789063,11.751711558409554,51.20209678534017,R1A,R1A
M_TTP_A4,M_TTP,centre,654,Central European mixed forests,217.33999633789063,11.751711558409554,51.20209678534017,R1A,R1A
M_WDG_A1,M_WDG,centre,654,Central European mixed forests,77.660003662109375,11.48348759690637,52.288921197033496,R22,R22
M_WDG_A2,M_WDG,centre,654,Central European mixed forests,77.660003662109375,11.48348759690637,52.288921197033496,R22,R22
M_WDG_A3,M_WDG,centre,654,Central European mixed forests,77.660003662109375,11.48348759690637,52.288921197033496,R,R22
M_WDG_A4,M_WDG,centre,654,Central European mixed forests,77.660003662109375,11.48348759690637,52.288921197033496,R,R22
M_WEF_A1,M_WEF,centre,654,Central European mixed forests,120.68000030517578,11.172254309331905,52.17879518521782,R,R22
M_WEF_A2,M_WEF,centre,654,Central European mixed forests,120.68000030517578,11.172254309331905,52.17879518521782,Q53,R22
M_WEF_A3,M_WEF,centre,654,Central European mixed forests,120.68000030517578,11.172254309331905,52.17879518521782,R,R22
M_WEF_A4,M_WEF,centre,654,Central European mixed forests,120.68000030517578,11.172254309331905,52.17879518521782,R,R22
M_WLE_A1,M_WLE,centre,654,Central European mixed forests,119.6500015258789,11.207379718219896,52.185794589853806,?,R
M_WLE_A2,M_WLE,centre,654,Central European mixed forests,119.6500015258789,11.207379718219896,52.185794589853806,R,R
M_WLE_A3,M_WLE,centre,654,Central European mixed forests,119.6500015258789,11.207379718219896,52.185794589853806,R,R
M_WLE_A4,M_WLE,centre,654,Central European mixed forests,119.6500015258789,11.207379718219896,52.185794589853806,R,R
M_WIM_A1,M_WIM,centre,686,Western European broadleaf forests,212.10000610351563,11.497548387370916,51.51079172843584,R22,R22
M_WIM_A2,M_WIM,centre,686,Western European broadleaf forests,212.10000610351563,11.497548387370916,51.51079172843584,R22,R22
M_WIM_A3,M_WIM,centre,686,Western European broadleaf forests,212.10000610351563,11.497548387370916,51.51079172843584,R22,R22
M_WIM_A4,M_WIM,centre,686,Western European broadleaf forests,212.10000610351563,11.497548387370916,51.51079172843584,R22,R22
M_WUG_A1,M_WUG,centre,654,Central European mixed forests,51.810001373291016,11.913895369300239,51.85297178777199,R,R
M_WUG_A2,M_WUG,centre,654,Central European mixed forests,51.810001373291016,11.913895369300239,51.85297178777199,R,R
M_WUG_A3,M_WUG,centre,654,Central European mixed forests,51.810001373291016,11.913895369300239,51.85297178777199,R,R
M_WUG_A4,M_WUG,centre,654,Central European mixed forests,51.810001373291016,11.913895369300239,51.85297178777199,R,R
M_WUM_A1,M_WUM,centre,654,Central European mixed forests,52.34000015258789,11.943064534852342,51.836651488559795,R,R
M_WUM_A2,M_WUM,centre,654,Central European mixed forests,52.34000015258789,11.943064534852342,51.836651488559795,R,R
M_WUM_A3,M_WUM,centre,654,Central European mixed forests,52.34000015258789,11.943064534852342,51.836651488559795,R,R
M_WUM_A4,M_WUM,centre,654,Central European mixed forests,52.34000015258789,11.943064534852342,51.836651488559795,R36,R
M_WUP_A1,M_WUP,centre,654,Central European mixed forests,52.2400016784668,11.936494368671434,51.84281826826808,R35,R35
M_WUP_A2,M_WUP,centre,654,Central European mixed forests,52.2400016784668,11.936494368671434,51.84281826826808,R35,R35
M_WUP_A3,M_WUP,centre,654,Central European mixed forests,52.2400016784668,11.936494368671434,51.84281826826808,R,R35
M_WUP_A4,M_WUP,centre,654,Central European mixed forests,52.2400016784668,11.936494368671434,51.84281826826808,V38,R35
M_WUR_A1,M_WUR,centre,654,Central European mixed forests,52.08000183105469,11.954110221233925,51.83463991786981,R,R
M_WUR_A2,M_WUR,centre,654,Central European mixed forests,52.08000183105469,11.954110221233925,51.83463991786981,R35,R
M_WUR_A3,M_WUR,centre,654,Central European mixed forests,52.08000183105469,11.954110221233925,51.83463991786981,R,R
M_WUR_A4,M_WUR,centre,654,Central European mixed forests,52.08000183105469,11.954110221233925,51.83463991786981,Qb,R
M_DOR_A1,M_DOR,centre,654,Central European mixed forests,114.19999694824219,11.81450304798683,51.645085729136675,R22,R22
M_DOR_A2,M_DOR,centre,654,Central European mixed forests,114.19999694824219,11.81450304798683,51.645085729136675,R,R22
M_DOR_A3,M_DOR,centre,654,Central European mixed forests,114.19999694824219,11.81450304798683,51.645085729136675,R22,R22
M_DOR_A4,M_DOR,centre,654,Central European mixed forests,114.19999694824219,11.81450304798683,51.645085729136675,R,R22
M_WUN_A1,M_WUN,centre,654,Central European mixed forests,51.939998626708984,11.910887046197725,51.8540994499112,V15,R
M_WUN_A2,M_WUN,centre,654,Central European mixed forests,51.939998626708984,11.910887046197725,51.8540994499112,V15,R
M_WUN_A3,M_WUN,centre,654,Central European mixed forests,51.939998626708984,11.910887046197725,51.8540994499112,V15,R
M_WUN_A4,M_WUN,centre,654,Central European mixed forests,51.939998626708984,11.910887046197725,51.8540994499112,R22,R
N_AFE_A1,N_AFE,north,664,European Atlantic mixed forests,54.68000030517578,10.603557413047735,52.571458864983235,R22,R22
N_AFE_A2,N_AFE,north,664,European Atlantic mixed forests,54.68000030517578,10.603557413047735,52.571458864983235,R22,R22
N_AFE_A3,N_AFE,north,664,European Atlantic mixed forests,54.68000030517578,10.603557413047735,52.571458864983235,R22,R22
N_AFE_A4,N_AFE,north,664,European Atlantic mixed forests,54.68000030517578,10.603557413047735,52.571458864983235,R22,R22
N_MAU_A1,N_MAU,north,664,European Atlantic mixed forests,41.31999969482422,11.045259583670763,53.09223625122264,R22,R22
N_MAU_A2,N_MAU,north,664,European Atlantic mixed forests,41.31999969482422,11.045259583670763,53.09223625122264,R,R22
N_MAU_A3,N_MAU,north,664,European Atlantic mixed forests,41.31999969482422,11.045259583670763,53.09223625122264,R22,R22
N_MAU_A4,N_MAU,north,664,European Atlantic mixed forests,41.31999969482422,11.045259583670763,53.09223625122264,R22,R22
N_BLE_A1,N_BLE,north,664,European Atlantic mixed forests,8.430000305175781,10.745988210244395,53.33188724019929,R22,R22
N_BLE_A2,N_BLE,north,664,European Atlantic mixed forests,8.430000305175781,10.745988210244395,53.33188724019929,R21,R22
N_BLE_A3,N_BLE,north,664,European Atlantic mixed forests,8.430000305175781,10.745988210244395,53.33188724019929,R22,R22
N_BLE_A4,N_BLE,north,664,European Atlantic mixed forests,8.430000305175781,10.745988210244395,53.33188724019929,R22,R22
N_WAL_A1,N_WAL,north,664,European Atlantic mixed forests,7.599999904632568,10.32606435846871,53.30616173106244,R,R
N_WAL_A2,N_WAL,north,664,European Atlantic mixed forests,7.599999904632568,10.32606435846871,53.30616173106244,R35,R
N_WAL_A3,N_WAL,north,664,European Atlantic mixed forests,7.599999904632568,10.32606435846871,53.30616173106244,R,R
N_WAL_A4,N_WAL,north,664,European Atlantic mixed forests,7.599999904632568,10.32606435846871,53.30616173106244,V15,R
N_JAS_A1,N_JAS,north,664,European Atlantic mixed forests,7.260000228881836,10.768612383842887,53.31423675540102,R21,R22
N_JAS_A2,N_JAS,north,664,European Atlantic mixed forests,7.260000228881836,10.768612383842887,53.31423675540102,R21,R22
N_JAS_A3,N_JAS,north,664,European Atlantic mixed forests,7.260000228881836,10.768612383842887,53.31423675540102,R22,R22
N_JAS_A4,N_JAS,north,664,European Atlantic mixed forests,7.260000228881836,10.768612383842887,53.31423675540102,R22,R22
N_STA_A1,N_STA,north,664,European Atlantic mixed forests,9.430000305175781,10.956230259804506,53.235602993867445,R21,R22
N_STA_A2,N_STA,north,664,European Atlantic mixed forests,9.430000305175781,10.956230259804506,53.235602993867445,R22,R22
N_STA_A3,N_STA,north,664,European Atlantic mixed forests,9.430000305175781,10.956230259804506,53.235602993867445,R22,R22
N_STA_A4,N_STA,north,664,European Atlantic mixed forests,9.430000305175781,10.956230259804506,53.235602993867445,R,R22
N_ELB_A1,N_ELB,north,664,European Atlantic mixed forests,13.5600004196167,11.218728123487988,53.12500768768588,R22,R22
N_ELB_A2,N_ELB,north,664,European Atlantic mixed forests,13.5600004196167,11.218728123487988,53.12500768768588,R22,R22
N_ELB_A3,N_ELB,north,664,European Atlantic mixed forests,13.5600004196167,11.218728123487988,53.12500768768588,R22,R22
N_ELB_A4,N_ELB,north,664,European Atlantic mixed forests,13.5600004196167,11.218728123487988,53.12500768768588,R22,R22
N_DUM_A1,N_DUM,north,664,European Atlantic mixed forests,24.950000762939453,10.96713715458445,52.90104062590076,R,R
N_DUM_A2,N_DUM,north,664,European Atlantic mixed forests,24.950000762939453,10.96713715458445,52.90104062590076,R,R
N_DUM_A3,N_DUM,north,664,European Atlantic mixed forests,24.950000762939453,10.96713715458445,52.90104062590076,R22,R
N_DUM_A4,N_DUM,north,664,European Atlantic mixed forests,24.950000762939453,10.96713715458445,52.90104062590076,R22,R
N_CNI_A1,N_CNI,north,664,European Atlantic mixed forests,10.420000076293945,10.851018256383325,53.249588791112075,R22,R22
N_CNI_A2,N_CNI,north,664,European Atlantic mixed forests,10.420000076293945,10.851018256383325,53.249588791112075,R22,R22
N_CNI_A3,N_CNI,north,664,European Atlantic mixed forests,10.420000076293945,10.851018256383325,53.249588791112075,R22,R22
N_CNI_A4,N_CNI,north,664,European Atlantic mixed forests,10.420000076293945,10.851018256383325,53.249588791112075,R22,R22
N_LUB_A1,N_LUB,north,664,European Atlantic mixed forests,17.3700008392334,11.189904499033005,52.901655932843056,R,R
N_LUB_A2,N_LUB,north,664,European Atlantic mixed forests,17.3700008392334,11.189904499033005,52.901655932843056,R22,R
N_LUB_A3,N_LUB,north,664,European Atlantic mixed forests,17.3700008392334,11.189904499033005,52.901655932843056,R22,R
N_LUB_A4,N_LUB,north,664,European Atlantic mixed forests,17.3700008392334,11.189904499033005,52.901655932843056,R,R
N_CAM_A1,N_CAM,north,664,European Atlantic mixed forests,70.16999816894531,9.825099354252922,53.15047910895481,R21,R
N_CAM_A2,N_CAM,north,664,European Atlantic mixed forests,70.16999816894531,9.825099354252922,53.15047910895481,R21,R
N_CAM_A3,N_CAM,north,664,European Atlantic mixed forests,70.16999816894531,9.825099354252922,53.15047910895481,R21,R
N_CAM_A4,N_CAM,north,664,European Atlantic mixed forests,70.16999816894531,9.825099354252922,53.15047910895481,R,R
N_GUT_A1,N_GUT,north,664,European Atlantic mixed forests,39.790000915527344,10.735090703613086,53.17096800965052,R,R
N_GUT_A2,N_GUT,north,664,European Atlantic mixed forests,39.790000915527344,10.735090703613086,53.17096800965052,R,R
N_GUT_A3,N_GUT,north,664,European Atlantic mixed forests,39.790000915527344,10.735090703613086,53.17096800965052,R,R
N_GUT_A4,N_GUT,north,664,European Atlantic mixed forests,39.790000915527344,10.735090703613086,53.17096800965052,R,R
N_TAS_A1,N_TAS,north,664,European Atlantic mixed forests,55.84000015258789,10.882201703972127,53.140368725462785,R21,R21
N_TAS_A2,N_TAS,north,664,European Atlantic mixed forests,55.84000015258789,10.882201703972127,53.140368725462785,R21,R21
N_TAS_A3,N_TAS,north,664,European Atlantic mixed forests,55.84000015258789,10.882201703972127,53.140368725462785,R21,R21
N_TAS_A4,N_TAS,north,664,European Atlantic mixed forests,55.84000015258789,10.882201703972127,53.140368725462785,R21,R21
N_BEN_A1,N_BEN,north,664,European Atlantic mixed forests,59.18000030517578,10.615798905228646,52.645958310266984,R,R22
N_BEN_A2,N_BEN,north,664,European Atlantic mixed forests,59.18000030517578,10.615798905228646,52.645958310266984,R,R22
N_BEN_A3,N_BEN,north,664,European Atlantic mixed forests,59.18000030517578,10.615798905228646,52.645958310266984,R,R22
N_BEN_A4,N_BEN,north,664,European Atlantic mixed forests,59.18000030517578,10.615798905228646,52.645958310266984,R22,R22
N_MOO_A1,N_MOO,north,664,European Atlantic mixed forests,44.20000076293945,10.657015652141542,53.589114619710166,R22,R22
N_MOO_A2,N_MOO,north,664,European Atlantic mixed forests,44.20000076293945,10.657015652141542,53.589114619710166,R22,R22
N_MOO_A3,N_MOO,north,664,European Atlantic mixed forests,44.20000076293945,10.657015652141542,53.589114619710166,R22,R22
N_MOO_A4,N_MOO,north,664,European Atlantic mixed forests,44.20000076293945,10.657015652141542,53.589114619710166,R22,R22
N_NLG_A1,N_NLG,north,664,European Atlantic mixed forests,12.989999771118164,11.09491762422874,53.07630186048795,R,R35
N_NLG_A2,N_NLG,north,664,European Atlantic mixed forests,12.989999771118164,11.09491762422874,53.07630186048795,Qb,R35
N_NLG_A3,N_NLG,north,664,European Atlantic mixed forests,12.989999771118164,11.09491762422874,53.07630186048795,R35,R35
N_NLG_A4,N_NLG,north,664,European Atlantic mixed forests,12.989999771118164,11.09491762422874,53.07630186048795,R35,R35
N_EIC_A1,N_EIC,north,664,European Atlantic mixed forests,135.88999938964844,9.966582081343665,53.15894546762042,R,R
N_EIC_A2,N_EIC,north,664,European Atlantic mixed forests,135.88999938964844,9.966582081343665,53.15894546762042,R22,R
N_EIC_A3,N_EIC,north,664,European Atlantic mixed forests,135.88999938964844,9.966582081343665,53.15894546762042,R,R
N_EIC_A4,N_EIC,north,664,European Atlantic mixed forests,135.88999938964844,9.966582081343665,53.15894546762042,R,R
N_TAN_A1,N_TAN,north,664,European Atlantic mixed forests,33.97999954223633,10.881579208900876,53.18174904028786,R,R
N_TAN_A2,N_TAN,north,664,European Atlantic mixed forests,33.97999954223633,10.881579208900876,53.18174904028786,R,R
N_TAN_A3,N_TAN,north,664,European Atlantic mixed forests,33.97999954223633,10.881579208900876,53.18174904028786,R35,R
N_TAN_A4,N_TAN,north,664,European Atlantic mixed forests,33.97999954223633,10.881579208900876,53.18174904028786,R,R
N_WIZ_A1,N_WIZ,north,664,European Atlantic mixed forests,12.979999542236328,10.625126807364909,53.45419964289636,R22,R22
N_WIZ_A2,N_WIZ,north,664,European Atlantic mixed forests,12.979999542236328,10.625126807364909,53.45419964289636,R,R22
N_WIZ_A3,N_WIZ,north,664,European Atlantic mixed forests,12.979999542236328,10.625126807364909,53.45419964289636,R,R22
N_WIZ_A4,N_WIZ,north,664,European Atlantic mixed forests,12.979999542236328,10.625126807364909,53.45419964289636,R22,R22
N_PAN_A1,N_PAN,north,647,Baltic mixed forests,16.34000015258789,10.633849141330069,53.66174339773516,R22,R22
N_PAN_A2,N_PAN,north,647,Baltic mixed forests,16.34000015258789,10.633849141330069,53.66174339773516,R,R22
N_PAN_A3,N_PAN,north,647,Baltic mixed forests,16.34000015258789,10.633849141330069,53.66174339773516,R22,R22
N_PAN_A4,N_PAN,north,647,Baltic mixed forests,16.34000015258789,10.633849141330069,53.66174339773516,R22,R22
N_PFE_A1,N_PFE,north,664,European Atlantic mixed forests,11.539999961853027,10.244189378650058,53.30522848132769,R35,R
N_PFE_A2,N_PFE,north,664,European Atlantic mixed forests,11.539999961853027,10.244189378650058,53.30522848132769,R,R
N_PFE_A3,N_PFE,north,664,European Atlantic mixed forests,11.539999961853027,10.244189378650058,53.30522848132769,R,R
N_PFE_A4,N_PFE,north,664,European Atlantic mixed forests,11.539999961853027,10.244189378650058,53.30522848132769,R,R
N_TRI_A1,N_TRI,north,664,European Atlantic mixed forests,11.5,11.093935102860303,53.15897651365195,R,R22
N_TRI_A2,N_TRI,north,664,European Atlantic mixed forests,11.5,11.093935102860303,53.15897651365195,R,R22
N_TRI_A3,N_TRI,north,664,European Atlantic mixed forests,11.5,11.093935102860303,53.15897651365195,R22,R22
N_TRI_A4,N_TRI,north,664,European Atlantic mixed forests,11.5,11.093935102860303,53.15897651365195,R22,R22
N_HOH_A1,N_HOH,north,664,European Atlantic mixed forests,37.560001373291016,11.418390075226897,53.070046927718536,R,R
N_HOH_A2,N_HOH,north,664,European Atlantic mixed forests,37.560001373291016,11.418390075226897,53.070046927718536,V38,R
N_HOH_A3,N_HOH,north,664,European Atlantic mixed forests,37.560001373291016,11.418390075226897,53.070046927718536,R22,R
N_HOH_A4,N_HOH,north,664,European Atlantic mixed forests,37.560001373291016,11.418390075226897,53.070046927718536,R22,R
N_OCH_A1,N_OCH,north,664,European Atlantic mixed forests,29.65999984741211,10.37203966531926,53.27486286981721,R,R
N_OCH_A2,N_OCH,north,664,European Atlantic mixed forests,29.65999984741211,10.37203966531926,53.27486286981721,R1P,R
N_OCH_A3,N_OCH,north,664,European Atlantic mixed forests,29.65999984741211,10.37203966531926,53.27486286981721,R,R
N_OCH_A4,N_OCH,north,664,European Atlantic mixed forests,29.65999984741211,10.37203966531926,53.27486286981721,R,R
N_KAP_A1,N_KAP,north,664,European Atlantic mixed forests,17.520000457763672,11.509737851475318,53.02310201446114,R,R22
N_KAP_A2,N_KAP,north,664,European Atlantic mixed forests,17.520000457763672,11.509737851475318,53.02310201446114,R22,R22
N_KAP_A3,N_KAP,north,664,European Atlantic mixed forests,17.520000457763672,11.509737851475318,53.02310201446114,R22,R22
N_KAP_A4,N_KAP,north,664,European Atlantic mixed forests,17.520000457763672,11.509737851475318,53.02310201446114,R22,R22
N_OLE_A1,N_OLE,north,664,European Atlantic mixed forests,13.630000114440918,10.257709358933656,53.29191269181353,R,R
N_OLE_A2,N_OLE,north,664,European Atlantic mixed forests,13.630000114440918,10.257709358933656,53.29191269181353,R,R
N_OLE_A3,N_OLE,north,664,European Atlantic mixed forests,13.630000114440918,10.257709358933656,53.29191269181353,R,R
N_OLE_A4,N_OLE,north,664,European Atlantic mixed forests,13.630000114440918,10.257709358933656,53.29191269181353,R,R
N_BRO_A1,N_BRO,north,664,European Atlantic mixed forests,21.729999542236328,10.665692676315906,53.46791393856167,R,R1P
N_BRO_A2,N_BRO,north,664,European Atlantic mixed forests,21.729999542236328,10.665692676315906,53.46791393856167,R,R1P
N_BRO_A3,N_BRO,north,664,European Atlantic mixed forests,21.729999542236328,10.665692676315906,53.46791393856167,R1P,R1P
N_BRO_A4,N_BRO,north,664,European Atlantic mixed forests,21.729999542236328,10.665692676315906,53.46791393856167,R1P,R1P
N_WER_A1,N_WER,north,664,European Atlantic mixed forests,15.6899995803833,11.442447475908134,53.03215809350053,R,R
N_WER_A2,N_WER,north,664,European Atlantic mixed forests,15.6899995803833,11.442447475908134,53.03215809350053,R,R
N_WER_A3,N_WER,north,664,European Atlantic mixed forests,15.6899995803833,11.442447475908134,53.03215809350053,R,R
N_WER_A4,N_WER,north,664,European Atlantic mixed forests,15.6899995803833,11.442447475908134,53.03215809350053,R,R
N_FLA_A1,N_FLA,north,664,European Atlantic mixed forests,13.140000343322754,10.301456458278587,53.28602734111529,?,R
N_FLA_A2,N_FLA,north,664,European Atlantic mixed forests,13.140000343322754,10.301456458278587,53.28602734111529,R,R
N_FLA_A3,N_FLA,north,664,European Atlantic mixed forests,13.140000343322754,10.301456458278587,53.28602734111529,R,R
N_FLA_A4,N_FLA,north,664,European Atlantic mixed forests,13.140000343322754,10.301456458278587,53.28602734111529,R,R
N_MEC_A1,N_MEC,north,664,European Atlantic mixed forests,10.5,10.313905123208826,53.29404852344273,R,R
N_MEC_A2,N_MEC,north,664,European Atlantic mixed forests,10.5,10.313905123208826,53.29404852344273,R,R
N_MEC_A3,N_MEC,north,664,European Atlantic mixed forests,10.5,10.313905123208826,53.29404852344273,R,R
N_MEC_A4,N_MEC,north,664,European Atlantic mixed forests,10.5,10.313905123208826,53.29404852344273,R,R
N_VOG_A1,N_VOG,north,664,European Atlantic mixed forests,13.779999732971191,10.339811047863229,53.283527640856825,R,R
N_VOG_A2,N_VOG,north,664,European Atlantic mixed forests,13.779999732971191,10.339811047863229,53.283527640856825,R,R
N_VOG_A3,N_VOG,north,664,European Atlantic mixed forests,13.779999732971191,10.339811047863229,53.283527640856825,R,R
N_VOG_A4,N_VOG,north,664,European Atlantic mixed forests,13.779999732971191,10.339811047863229,53.283527640856825,R,R
M_PRA_A1,M_PRA,centre,654,Central European mixed forests,66.7300033569336,12.674873983521849,51.84309027869993,R,V
M_PRA_A2,M_PRA,centre,654,Central European mixed forests,66.7300033569336,12.674873983521849,51.84309027869993,V,V
M_PRA_A3,M_PRA,centre,654,Central European mixed forests,66.7300033569336,12.674873983521849,51.84309027869993,V,V
M_PRA_A4,M_PRA,centre,654,Central European mixed forests,66.7300033569336,12.674873983521849,51.84309027869993,R,V
M_BIR_A1,M_BIR,centre,654,Central European mixed forests,60.08000183105469,12.371655945722765,51.82300850955761,R22,R
M_BIR_A2,M_BIR,centre,654,Central European mixed forests,60.08000183105469,12.371655945722765,51.82300850955761,R1A,R
M_BIR_A3,M_BIR,centre,654,Central European mixed forests,60.08000183105469,12.371655945722765,51.82300850955761,R,R
M_BIR_A4,M_BIR,centre,654,Central European mixed forests,60.08000183105469,12.371655945722765,51.82300850955761,R,R
M_VOC_A1,M_VOC,centre,654,Central European mixed forests,60.040000915527344,12.338543043052466,51.85665775627689,R,R22
M_VOC_A2,M_VOC,centre,654,Central European mixed forests,60.040000915527344,12.338543043052466,51.85665775627689,R22,R22
M_VOC_A3,M_VOC,centre,654,Central European mixed forests,60.040000915527344,12.338543043052466,51.85665775627689,R22,R22
M_VOC_A4,M_VOC,centre,654,Central European mixed forests,60.040000915527344,12.338543043052466,51.85665775627689,R,R22
M_KAP_A1,M_KAP,centre,654,Central European mixed forests,58.43000030517578,12.23992027924713,51.8781920208672,R,R
M_KAP_A2,M_KAP,centre,654,Central European mixed forests,58.43000030517578,12.23992027924713,51.8781920208672,R,R
M_KAP_A3,M_KAP,centre,654,Central European mixed forests,58.43000030517578,12.23992027924713,51.8781920208672,R,R
M_KAP_A4,M_KAP,centre,654,Central European mixed forests,58.43000030517578,12.23992027924713,51.8781920208672,R,R
M_EIC_A1,M_EIC,centre,654,Central European mixed forests,56.56999969482422,12.188993946500768,51.85716613631866,R,R
M_EIC_A2,M_EIC,centre,654,Central European mixed forests,56.56999969482422,12.188993946500768,51.85716613631866,R,R
M_EIC_A3,M_EIC,centre,654,Central European mixed forests,56.56999969482422,12.188993946500768,51.85716613631866,V,R
M_EIC_A4,M_EIC,centre,654,Central European mixed forests,56.56999969482422,12.188993946500768,51.85716613631866,R,R
M_STP_A1,M_STP,centre,654,Central European mixed forests,54.630001068115234,12.053563229322519,51.87379421681932,R22,R
M_STP_A2,M_STP,centre,654,Central European mixed forests,54.630001068115234,12.053563229322519,51.87379421681932,R,R
M_STP_A3,M_STP,centre,654,Central European mixed forests,54.630001068115234,12.053563229322519,51.87379421681932,R,R
M_STP_A4,M_STP,centre,654,Central European mixed forests,54.630001068115234,12.053563229322519,51.87379421681932,R,R
M_STA_A1,M_STA,centre,654,Central European mixed forests,54.439998626708984,12.039156255900217,51.87081962343337,R22,R22
M_STA_A2,M_STA,centre,654,Central European mixed forests,54.439998626708984,12.039156255900217,51.87081962343337,R22,R22
M_STA_A3,M_STA,centre,654,Central European mixed forests,54.439998626708984,12.039156255900217,51.87081962343337,R,R22
M_STA_A4,M_STA,centre,654,Central European mixed forests,54.439998626708984,12.039156255900217,51.87081962343337,R22,R22
M_JER_A1,M_JER,centre,654,Central European mixed forests,34.11000061035156,12.016391217800066,52.48309645659296,V37,V32
M_JER_A2,M_JER,centre,654,Central European mixed forests,34.11000061035156,12.016391217800066,52.48309645659296,V32,V32
M_JER_A3,M_JER,centre,654,Central European mixed forests,34.11000061035156,12.016391217800066,52.48309645659296,V32,V32
M_JER_A4,M_JER,centre,654,Central European mixed forests,34.11000061035156,12.016391217800066,52.48309645659296,R1P,V32
M_JEP_A1,M_JEP,centre,654,Central European mixed forests,34.40999984741211,12.023121251348362,52.47914340397081,R,R
M_JEP_A2,M_JEP,centre,654,Central European mixed forests,34.40999984741211,12.023121251348362,52.47914340397081,R,R
M_JEP_A3,M_JEP,centre,654,Central European mixed forests,34.40999984741211,12.023121251348362,52.47914340397081,R,R
M_JEP_A4,M_JEP,centre,654,Central European mixed forests,34.40999984741211,12.023121251348362,52.47914340397081,R,R
M_STF_A1,M_STF,centre,654,Central European mixed forests,39.75,11.686980502468824,52.28069533511793,R,R22
M_STF_A2,M_STF,centre,654,Central European mixed forests,39.75,11.686980502468824,52.28069533511793,R22,R22
M_STF_A3,M_STF,centre,654,Central European mixed forests,39.75,11.686980502468824,52.28069533511793,R22,R22
M_STF_A4,M_STF,centre,654,Central European mixed forests,39.75,11.686980502468824,52.28069533511793,R22,R22
M_WED_A1,M_WED,centre,654,Central European mixed forests,48.040000915527344,11.489181635400136,52.267963804603035,R22,R22
M_WED_A2,M_WED,centre,654,Central European mixed forests,48.040000915527344,11.489181635400136,52.267963804603035,R22,R22
M_WED_A3,M_WED,centre,654,Central European mixed forests,48.040000915527344,11.489181635400136,52.267963804603035,R22,R22
M_WED_A4,M_WED,centre,654,Central European mixed forests,48.040000915527344,11.489181635400136,52.267963804603035,R22,R22
M_HAR_A1,M_HAR,centre,654,Central European mixed forests,149.19000244140625,11.085202958099835,51.82462193371619,R,R
M_HAR_A2,M_HAR,centre,654,Central European mixed forests,149.19000244140625,11.085202958099835,51.82462193371619,R,R
M_HAR_A3,M_HAR,centre,654,Central European mixed forests,149.19000244140625,11.085202958099835,51.82462193371619,R,R
M_HAR_A4,M_HAR,centre,654,Central European mixed forests,149.19000244140625,11.085202958099835,51.82462193371619,R22,R
M_FAL_A1,M_FAL,centre,654,Central European mixed forests,142.52999877929688,11.359462993530892,51.747463913309524,R22,R
M_FAL_A2,M_FAL,centre,654,Central European mixed forests,142.52999877929688,11.359462993530892,51.747463913309524,V,R
M_FAL_A3,M_FAL,centre,654,Central European mixed forests,142.52999877929688,11.359462993530892,51.747463913309524,R,R
M_FAL_A4,M_FAL,centre,654,Central European mixed forests,142.52999877929688,11.359462993530892,51.747463913309524,R22,R
M_MOZ_A1,M_MOZ,centre,686,Western European broadleaf forests,310.6099853515625,11.306864456039303,51.69061447902285,R,R
M_MOZ_A2,M_MOZ,centre,686,Western European broadleaf forests,310.6099853515625,11.306864456039303,51.69061447902285,R,R
M_MOZ_A3,M_MOZ,centre,686,Western European broadleaf forests,310.6099853515625,11.306864456039303,51.69061447902285,R,R
M_MOZ_A4,M_MOZ,centre,686,Western European broadleaf forests,310.6099853515625,11.306864456039303,51.69061447902285,R,R
M_ILB_A1,M_ILB,centre,654,Central European mixed forests,67.4800033569336,11.654415607755348,51.82311225961201,R22,R22
M_ILB_A2,M_ILB,centre,654,Central European mixed forests,67.4800033569336,11.654415607755348,51.82311225961201,R,R22
M_ILB_A3,M_ILB,centre,654,Central European mixed forests,67.4800033569336,11.654415607755348,51.82311225961201,R22,R22
M_ILB_A4,M_ILB,centre,654,Central European mixed forests,67.4800033569336,11.654415607755348,51.82311225961201,R,R22
M_BOD_A1,M_BOD,centre,654,Central European mixed forests,59,11.729854433021758,51.83255624210207,R,R22
M_BOD_A2,M_BOD,centre,654,Central European mixed forests,59,11.729854433021758,51.83255624210207,R,R22
M_BOD_A3,M_BOD,centre,654,Central European mixed forests,59,11.729854433021758,51.83255624210207,R22,R22
M_BOD_A4,M_BOD,centre,654,Central European mixed forests,59,11.729854433021758,51.83255624210207,R22,R22
M_BEE_A1,M_BEE,centre,654,Central European mixed forests,63.38999938964844,11.700976921390373,51.72492771625586,V,V37
M_BEE_A2,M_BEE,centre,654,Central European mixed forests,63.38999938964844,11.700976921390373,51.72492771625586,V37,V37
M_BEE_A3,M_BEE,centre,654,Central European mixed forests,63.38999938964844,11.700976921390373,51.72492771625586,V,V37
M_BEE_A4,M_BEE,centre,654,Central European mixed forests,63.38999938964844,11.700976921390373,51.72492771625586,R,V37
M_FRB_A1,M_FRB,centre,654,Central European mixed forests,136.24000549316406,11.73327071596441,51.62485865368216,R,R
M_FRB_A2,M_FRB,centre,654,Central European mixed forests,136.24000549316406,11.73327071596441,51.62485865368216,V11,R
M_FRB_A3,M_FRB,centre,654,Central European mixed forests,136.24000549316406,11.73327071596441,51.62485865368216,R1A,R
M_FRB_A4,M_FRB,centre,654,Central European mixed forests,136.24000549316406,11.73327071596441,51.62485865368216,R,R
M_STI_A1,M_STI,centre,654,Central European mixed forests,91.91999816894531,11.835971115526492,51.657763668686556,R,R22
M_STI_A2,M_STI,centre,654,Central European mixed forests,91.91999816894531,11.835971115526492,51.657763668686556,R22,R22
M_STI_A3,M_STI,centre,654,Central European mixed forests,91.91999816894531,11.835971115526492,51.657763668686556,R22,R22
M_STI_A4,M_STI,centre,654,Central European mixed forests,91.91999816894531,11.835971115526492,51.657763668686556,R22,R22
M_TRE_A1,M_TRE,centre,654,Central European mixed forests,75.779998779296875,11.967577141995946,51.64524689070182,R,R
M_TRE_A2,M_TRE,centre,654,Central European mixed forests,75.779998779296875,11.967577141995946,51.64524689070182,R,R
M_TRE_A3,M_TRE,centre,654,Central European mixed forests,75.779998779296875,11.967577141995946,51.64524689070182,R22,R
M_TRE_A4,M_TRE,centre,654,Central European mixed forests,75.779998779296875,11.967577141995946,51.64524689070182,R22,R
M_TRN_A1,M_TRN,centre,654,Central European mixed forests,75.37999725341797,11.965097035028368,51.644108264629125,R,R
M_TRN_A2,M_TRN,centre,654,Central European mixed forests,75.37999725341797,11.965097035028368,51.644108264629125,R,R
M_TRN_A3,M_TRN,centre,654,Central European mixed forests,75.37999725341797,11.965097035028368,51.644108264629125,R,R
M_TRN_A4,M_TRN,centre,654,Central European mixed forests,75.37999725341797,11.965097035028368,51.644108264629125,?,R
M_LOB_A1,M_LOB,centre,654,Central European mixed forests,114.26000213623047,11.926204698352713,51.63375412208911,R,R
M_LOB_A2,M_LOB,centre,654,Central European mixed forests,114.26000213623047,11.926204698352713,51.63375412208911,R22,R
M_LOB_A3,M_LOB,centre,654,Central European mixed forests,114.26000213623047,11.926204698352713,51.63375412208911,R,R
M_LOB_A4,M_LOB,centre,654,Central European mixed forests,114.26000213623047,11.926204698352713,51.63375412208911,R,R
M_SSL_A1,M_SSL,centre,654,Central European mixed forests,118.02999877929688,11.924396325287008,51.63362479755796,R,R
M_SSL_A2,M_SSL,centre,654,Central European mixed forests,118.02999877929688,11.924396325287008,51.63362479755796,R,R
M_SSL_A3,M_SSL,centre,654,Central European mixed forests,118.02999877929688,11.924396325287008,51.63362479755796,R1A,R
M_SSL_A4,M_SSL,centre,654,Central European mixed forests,118.02999877929688,11.924396325287008,51.63362479755796,R,R
M_BRA_A1,M_BRA,centre,654,Central European mixed forests,122.08999633789063,11.866985163434006,51.54885764529282,R,R1A
M_BRA_A2,M_BRA,centre,654,Central European mixed forests,122.08999633789063,11.866985163434006,51.54885764529282,R,R1A
M_BRA_A3,M_BRA,centre,654,Central European mixed forests,122.08999633789063,11.866985163434006,51.54885764529282,R,R1A
M_BRA_A4,M_BRA,centre,654,Central European mixed forests,122.08999633789063,11.866985163434006,51.54885764529282,R1A,R1A
M_KOL_A1,M_KOL,centre,654,Central European mixed forests,114.66000366210938,11.824476317993094,51.506470810216655,R,R
M_KOL_A2,M_KOL,centre,654,Central European mixed forests,114.66000366210938,11.824476317993094,51.506470810216655,R,R
M_KOL_A3,M_KOL,centre,654,Central European mixed forests,114.66000366210938,11.824476317993094,51.506470810216655,R,R
M_KOL_A4,M_KOL,centre,654,Central European mixed forests,114.66000366210938,11.824476317993094,51.506470810216655,V38,R
M_ASE_A1,M_ASE,centre,654,Central European mixed forests,124.56999969482422,11.667070808062702,51.47886224342518,V,V
M_ASE_A2,M_ASE,centre,654,Central European mixed forests,124.56999969482422,11.667070808062702,51.47886224342518,V,V
M_ASE_A3,M_ASE,centre,654,Central European mixed forests,124.56999969482422,11.667070808062702,51.47886224342518,V,V
M_ASE_A4,M_ASE,centre,654,Central European mixed forests,124.56999969482422,11.667070808062702,51.47886224342518,V,V
M_SMH_A1,M_SMH,centre,654,Central European mixed forests,227.3800048828125,11.597791235388428,51.33296161972658,R,R1A
M_SMH_A2,M_SMH,centre,654,Central European mixed forests,227.3800048828125,11.597791235388428,51.33296161972658,R,R1A
M_SMH_A3,M_SMH,centre,654,Central European mixed forests,227.3800048828125,11.597791235388428,51.33296161972658,R1A,R1A
M_SMH_A4,M_SMH,centre,654,Central European mixed forests,227.3800048828125,11.597791235388428,51.33296161972658,R,R1A
M_HAH_A1,M_HAH,centre,654,Central European mixed forests,211.72000122070313,11.629720680726926,51.30873546274915,R1A,R1A
M_HAH_A2,M_HAH,centre,654,Central European mixed forests,211.72000122070313,11.629720680726926,51.30873546274915,R1A,R1A
M_HAH_A3,M_HAH,centre,654,Central European mixed forests,211.72000122070313,11.629720680726926,51.30873546274915,R,R1A
M_HAH_A4,M_HAH,centre,654,Central European mixed forests,211.72000122070313,11.629720680726926,51.30873546274915,R1A,R1A
M_STN_A1,M_STN,centre,654,Central European mixed forests,184.05999755859375,11.511180080783468,51.27824642447405,V37,R1A
M_STN_A2,M_STN,centre,654,Central European mixed forests,184.05999755859375,11.511180080783468,51.27824642447405,R1A,R1A
M_STN_A3,M_STN,centre,654,Central European mixed forests,184.05999755859375,11.511180080783468,51.27824642447405,R1A,R1A
M_STN_A4,M_STN,centre,654,Central European mixed forests,184.05999755859375,11.511180080783468,51.27824642447405,R1A,R1A
M_TTH_A1,M_TTH,centre,654,Central European mixed forests,212.8300018310547,11.745251949807878,51.20022448564609,R1A,R1A
M_TTH_A2,M_TTH,centre,654,Central European mixed forests,212.8300018310547,11.745251949807878,51.20022448564609,R1A,R1A
M_TTH_A3,M_TTH,centre,654,Central European mixed forests,212.8300018310547,11.745251949807878,51.20022448564609,R16,R1A
M_TTH_A4,M_TTH,centre,654,Central European mixed forests,212.8300018310547,11.745251949807878,51.20022448564609,R,R1A
M_HNB_A1,M_HNB,centre,654,Central European mixed forests,209.5399932861328,11.777755148083216,51.206299297216965,R1A,R1A
M_HNB_A2,M_HNB,centre,654,Central European mixed forests,209.5399932861328,11.777755148083216,51.206299297216965,R1A,R1A
M_HNB_A3,M_HNB,centre,654,Central European mixed forests,209.5399932861328,11.777755148083216,51.206299297216965,R1A,R1A
M_HNB_A4,M_HNB,centre,654,Central European mixed forests,209.5399932861328,11.777755148083216,51.206299297216965,R1A,R1A
M_BAL_A1,M_BAL,centre,654,Central European mixed forests,200.6300048828125,11.708939058976505,51.20849089690828,R,R22
M_BAL_A2,M_BAL,centre,654,Central European mixed forests,200.6300048828125,11.708939058976505,51.20849089690828,R,R22
M_BAL_A3,M_BAL,centre,654,Central European mixed forests,200.6300048828125,11.708939058976505,51.20849089690828,R,R22
M_BAL_A4,M_BAL,centre,654,Central European mixed forests,200.6300048828125,11.708939058976505,51.20849089690828,R,R22
S_AFR_A1,S_AFR,south,686,Western European broadleaf forests,474.0199890136719,12.196211711949191,48.431630726742846,R,R22
S_AFR_A2,S_AFR,south,686,Western European broadleaf forests,474.0199890136719,12.196211711949191,48.431630726742846,R22,R22
S_AFR_A3,S_AFR,south,686,Western European broadleaf forests,474.0199890136719,12.196211711949191,48.431630726742846,R22,R22
S_AFR_A4,S_AFR,south,686,Western European broadleaf forests,474.0199890136719,12.196211711949191,48.431630726742846,R22,R22
S_AMP_A1,S_AMP,south,686,Western European broadleaf forests,429.739990234375,11.728948003456075,48.45557417215242,R,R22
S_AMP_A2,S_AMP,south,686,Western European broadleaf forests,429.739990234375,11.728948003456075,48.45557417215242,R,R22
S_AMP_A3,S_AMP,south,686,Western European broadleaf forests,429.739990234375,11.728948003456075,48.45557417215242,R,R22
S_AMP_A4,S_AMP,south,686,Western European broadleaf forests,429.739990234375,11.728948003456075,48.45557417215242,R22,R22
S_EIT_A1,S_EIT,south,686,Western European broadleaf forests,358.1000061035156,12.332370851528124,48.811741095119736,R22,R
S_EIT_A2,S_EIT,south,686,Western European broadleaf forests,358.1000061035156,12.332370851528124,48.811741095119736,R,R
S_EIT_A3,S_EIT,south,686,Western European broadleaf forests,358.1000061035156,12.332370851528124,48.811741095119736,R,R
S_EIT_A4,S_EIT,south,686,Western European broadleaf forests,358.1000061035156,12.332370851528124,48.811741095119736,R,R
S_GSR_A1,S_GSR,south,686,Western European broadleaf forests,358.82000732421875,12.335418257424985,48.809172613299125,R22,R
S_GSR_A2,S_GSR,south,686,Western European broadleaf forests,358.82000732421875,12.335418257424985,48.809172613299125,R,R
S_GSR_A3,S_GSR,south,686,Western European broadleaf forests,358.82000732421875,12.335418257424985,48.809172613299125,R,R
S_GSR_A4,S_GSR,south,686,Western European broadleaf forests,358.82000732421875,12.335418257424985,48.809172613299125,R,R
S_HBF_A1,S_HBF,south,686,Western European broadleaf forests,449.7900085449219,12.842430415061612,48.399365245671746,R,R
S_HBF_A2,S_HBF,south,686,Western European broadleaf forests,449.7900085449219,12.842430415061612,48.399365245671746,R,R
S_HBF_A3,S_HBF,south,686,Western European broadleaf forests,449.7900085449219,12.842430415061612,48.399365245671746,R,R
S_HBF_A4,S_HBF,south,686,Western European broadleaf forests,449.7900085449219,12.842430415061612,48.399365245671746,R21,R
S_HTH_A1,S_HTH,south,686,Western European broadleaf forests,366.95001220703125,12.354736572443153,48.616696568609306,R,R
S_HTH_A2,S_HTH,south,686,Western European broadleaf forests,366.95001220703125,12.354736572443153,48.616696568609306,R,R
S_HTH_A3,S_HTH,south,686,Western European broadleaf forests,366.95001220703125,12.354736572443153,48.616696568609306,R1A,R
S_HTH_A4,S_HTH,south,686,Western European broadleaf forests,366.95001220703125,12.354736572443153,48.616696568609306,R22,R
S_HUB_A1,S_HUB,south,686,Western European broadleaf forests,445.5299987792969,12.724312459921086,48.40861091980351,R,R22
S_HUB_A2,S_HUB,south,686,Western European broadleaf forests,445.5299987792969,12.724312459921086,48.40861091980351,R22,R22
S_HUB_A3,S_HUB,south,686,Western European broadleaf forests,445.5299987792969,12.724312459921086,48.40861091980351,R22,R22
S_HUB_A4,S_HUB,south,686,Western European broadleaf forests,445.5299987792969,12.724312459921086,48.40861091980351,R22,R22
S_JHB_A1,S_JHB,south,686,Western European broadleaf forests,481.1700134277344,12.473260980023973,48.47581201228856,R,R
S_JHB_A2,S_JHB,south,686,Western European broadleaf forests,481.1700134277344,12.473260980023973,48.47581201228856,R22,R
S_JHB_A3,S_JHB,south,686,Western European broadleaf forests,481.1700134277344,12.473260980023973,48.47581201228856,R,R
S_JHB_A4,S_JHB,south,686,Western European broadleaf forests,481.1700134277344,12.473260980023973,48.47581201228856,R22,R
S_KDT_A1,S_KDT,south,686,Western European broadleaf forests,408.4100036621094,11.888973728846848,48.77168548005309,R22,R22
S_KDT_A2,S_KDT,south,686,Western European broadleaf forests,408.4100036621094,11.888973728846848,48.77168548005309,R,R22
S_KDT_A3,S_KDT,south,686,Western European broadleaf forests,408.4100036621094,11.888973728846848,48.77168548005309,R22,R22
S_KDT_A4,S_KDT,south,686,Western European broadleaf forests,408.4100036621094,11.888973728846848,48.77168548005309,R,R22
S_KRT_A1,S_KRT,south,686,Western European broadleaf forests,437.67999267578125,11.61319850872609,48.43912991247755,R,R1A
S_KRT_A2,S_KRT,south,686,Western European broadleaf forests,437.67999267578125,11.61319850872609,48.43912991247755,R,R1A
S_KRT_A3,S_KRT,south,686,Western European broadleaf forests,437.67999267578125,11.61319850872609,48.43912991247755,R22,R1A
S_KRT_A4,S_KRT,south,686,Western European broadleaf forests,437.67999267578125,11.61319850872609,48.43912991247755,R1A,R1A
S_LAP_A1,S_LAP,south,686,Western European broadleaf forests,393.2699890136719,12.09402349454563,48.5402751702513,R22,R
S_LAP_A2,S_LAP,south,686,Western European broadleaf forests,393.2699890136719,12.09402349454563,48.5402751702513,R,R
S_LAP_A3,S_LAP,south,686,Western European broadleaf forests,393.2699890136719,12.09402349454563,48.5402751702513,R,R
S_LAP_A4,S_LAP,south,686,Western European broadleaf forests,393.2699890136719,12.09402349454563,48.5402751702513,V15,R
S_LPI_A1,S_LPI,south,686,Western European broadleaf forests,329.010009765625,12.7908911989212,48.69968267542237,R1A,R
S_LPI_A2,S_LPI,south,686,Western European broadleaf forests,329.010009765625,12.7908911989212,48.69968267542237,R22,R
S_LPI_A3,S_LPI,south,686,Western European broadleaf forests,329.010009765625,12.7908911989212,48.69968267542237,R,R
S_LPI_A4,S_LPI,south,686,Western European broadleaf forests,329.010009765625,12.7908911989212,48.69968267542237,R1A,R
S_MAS_A1,S_MAS,south,686,Western European broadleaf forests,456.2699890136719,11.64374040383346,48.33687531538463,R,R
S_MAS_A2,S_MAS,south,686,Western European broadleaf forests,456.2699890136719,11.64374040383346,48.33687531538463,R,R
S_MAS_A3,S_MAS,south,686,Western European broadleaf forests,456.2699890136719,11.64374040383346,48.33687531538463,R,R
S_MAS_A4,S_MAS,south,686,Western European broadleaf forests,456.2699890136719,11.64374040383346,48.33687531538463,R22,R
S_MCH_A1,S_MCH,south,686,Western European broadleaf forests,395.6600036621094,12.078708963860976,48.532486168352584,R22,R22
S_MCH_A2,S_MCH,south,686,Western European broadleaf forests,395.6600036621094,12.078708963860976,48.532486168352584,R22,R22
S_MCH_A3,S_MCH,south,686,Western European broadleaf forests,395.6600036621094,12.078708963860976,48.532486168352584,R22,R22
S_MCH_A4,S_MCH,south,686,Western European broadleaf forests,395.6600036621094,12.078708963860976,48.532486168352584,R22,R22
S_MHH_A1,S_MHH,south,686,Western European broadleaf forests,476.82000732421875,11.603285342943222,48.26931298079536,R,R
S_MHH_A2,S_MHH,south,686,Western European broadleaf forests,476.82000732421875,11.603285342943222,48.26931298079536,R,R
S_MHH_A3,S_MHH,south,686,Western European broadleaf forests,476.82000732421875,11.603285342943222,48.26931298079536,R,R
S_MHH_A4,S_MHH,south,686,Western European broadleaf forests,476.82000732421875,11.603285342943222,48.26931298079536,R,R
S_MTK_A1,S_MTK,south,686,Western European broadleaf forests,450.30999755859375,12.716652965007889,48.353379979005965,R,R
S_MTK_A2,S_MTK,south,686,Western European broadleaf forests,450.30999755859375,12.716652965007889,48.353379979005965,R,R
S_MTK_A3,S_MTK,south,686,Western European broadleaf forests,450.30999755859375,12.716652965007889,48.353379979005965,R,R
S_MTK_A4,S_MTK,south,686,Western European broadleaf forests,450.30999755859375,12.716652965007889,48.353379979005965,R22,R
S_OST_A1,S_OST,south,686,Western European broadleaf forests,312.32000732421875,13.02993260248338,48.690492205630584,R,R
S_OST_A2,S_OST,south,686,Western European broadleaf forests,312.32000732421875,13.02993260248338,48.690492205630584,R22,R
S_OST_A3,S_OST,south,686,Western European broadleaf forests,312.32000732421875,13.02993260248338,48.690492205630584,R,R
S_OST_A4,S_OST,south,686,Western European broadleaf forests,312.32000732421875,13.02993260248338,48.690492205630584,R,R
S_OSW_A1,S_OSW,south,686,Western European broadleaf forests,447.0899963378906,12.772635648952702,48.34503539076954,R22,R22
S_OSW_A2,S_OSW,south,686,Western European broadleaf forests,447.0899963378906,12.772635648952702,48.34503539076954,R22,R22
S_OSW_A3,S_OSW,south,686,Western European broadleaf forests,447.0899963378906,12.772635648952702,48.34503539076954,R21,R22
S_OSW_A4,S_OSW,south,686,Western European broadleaf forests,447.0899963378906,12.772635648952702,48.34503539076954,R22,R22
S_POP_A1,S_POP,south,686,Western European broadleaf forests,454.3699951171875,12.752461999321119,48.343266952723475,R22,R22
S_POP_A2,S_POP,south,686,Western European broadleaf forests,454.3699951171875,12.752461999321119,48.343266952723475,R22,R22
S_POP_A3,S_POP,south,686,Western European broadleaf forests,454.3699951171875,12.752461999321119,48.343266952723475,R22,R22
S_POP_A4,S_POP,south,686,Western European broadleaf forests,454.3699951171875,12.752461999321119,48.343266952723475,R22,R22
S_RUP_A1,S_RUP,south,686,Western European broadleaf forests,392.6499938964844,12.763385060352986,48.57072509244668,R,R
S_RUP_A2,S_RUP,south,686,Western European broadleaf forests,392.6499938964844,12.763385060352986,48.57072509244668,R,R
S_RUP_A3,S_RUP,south,686,Western European broadleaf forests,392.6499938964844,12.763385060352986,48.57072509244668,R21,R
S_RUP_A4,S_RUP,south,686,Western European broadleaf forests,392.6499938964844,12.763385060352986,48.57072509244668,R,R
S_SIM_A1,S_SIM,south,686,Western European broadleaf forests,413.9100036621094,13.006702974946945,48.278525336459246,R,R
S_SIM_A2,S_SIM,south,686,Western European broadleaf forests,413.9100036621094,13.006702974946945,48.278525336459246,R22,R
S_SIM_A3,S_SIM,south,686,Western European broadleaf forests,413.9100036621094,13.006702974946945,48.278525336459246,R22,R
S_SIM_A4,S_SIM,south,686,Western European broadleaf forests,413.9100036621094,13.006702974946945,48.278525336459246,R1A,R
S_STB_A1,S_STB,south,686,Western European broadleaf forests,461.6099853515625,12.90330297515644,48.34946692395406,R21,R21
S_STB_A2,S_STB,south,686,Western European broadleaf forests,461.6099853515625,12.90330297515644,48.34946692395406,R,R21
S_STB_A3,S_STB,south,686,Western European broadleaf forests,461.6099853515625,12.90330297515644,48.34946692395406,R21,R21
S_STB_A4,S_STB,south,686,Western European broadleaf forests,461.6099853515625,12.90330297515644,48.34946692395406,R21,R21
S_TIE_A1,S_TIE,south,686,Western European broadleaf forests,395.05999755859375,12.09043374356079,48.51097382145531,R22,R22
S_TIE_A2,S_TIE,south,686,Western European broadleaf forests,395.05999755859375,12.09043374356079,48.51097382145531,R22,R22
S_TIE_A3,S_TIE,south,686,Western European broadleaf forests,395.05999755859375,12.09043374356079,48.51097382145531,R22,R22
S_TIE_A4,S_TIE,south,686,Western European broadleaf forests,395.05999755859375,12.09043374356079,48.51097382145531,R,R22
S_TRN_A1,S_TRN,south,686,Western European broadleaf forests,396.25,11.826952985628916,48.73620979296664,V15,R
S_TRN_A2,S_TRN,south,686,Western European broadleaf forests,396.25,11.826952985628916,48.73620979296664,R,R
S_TRN_A3,S_TRN,south,686,Western European broadleaf forests,396.25,11.826952985628916,48.73620979296664,R,R
S_TRN_A4,S_TRN,south,686,Western European broadleaf forests,396.25,11.826952985628916,48.73620979296664,V,R
S_UKB_A1,S_UKB,south,686,Western European broadleaf forests,445.0400085449219,11.57301043726697,48.43279482560645,R,R22
S_UKB_A2,S_UKB,south,686,Western European broadleaf forests,445.0400085449219,11.57301043726697,48.43279482560645,R22,R22
S_UKB_A3,S_UKB,south,686,Western European broadleaf forests,445.0400085449219,11.57301043726697,48.43279482560645,R,R22
S_UKB_A4,S_UKB,south,686,Western European broadleaf forests,445.0400085449219,11.57301043726697,48.43279482560645,R22,R22
S_VIB_A1,S_VIB,south,686,Western European broadleaf forests,437.0199890136719,12.366891927769217,48.456285451731056,R,R
S_VIB_A2,S_VIB,south,686,Western European broadleaf forests,437.0199890136719,12.366891927769217,48.456285451731056,R,R
S_VIB_A3,S_VIB,south,686,Western European broadleaf forests,437.0199890136719,12.366891927769217,48.456285451731056,R,R
S_VIB_A4,S_VIB,south,686,Western European broadleaf forests,437.0199890136719,12.366891927769217,48.456285451731056,R,R
S_WLF_A1,S_WLF,south,686,Western European broadleaf forests,487.92999267578125,11.71529075939326,48.47763047484872,R,R
S_WLF_A2,S_WLF,south,686,Western European broadleaf forests,487.92999267578125,11.71529075939326,48.47763047484872,R,R
S_WLF_A3,S_WLF,south,686,Western European broadleaf forests,487.92999267578125,11.71529075939326,48.47763047484872,R,R
S_WLF_A4,S_WLF,south,686,Western European broadleaf forests,487.92999267578125,11.71529075939326,48.47763047484872,R,R
S_WNG_A1,S_WNG,south,686,Western European broadleaf forests,404.8999938964844,12.373494316411744,48.65857576368789,R1A,R1A
S_WNG_A2,S_WNG,south,686,Western European broadleaf forests,404.8999938964844,12.373494316411744,48.65857576368789,R1A,R1A
S_WNG_A3,S_WNG,south,686,Western European broadleaf forests,404.8999938964844,12.373494316411744,48.65857576368789,R1A,R1A
S_WNG_A4,S_WNG,south,686,Western European broadleaf forests,404.8999938964844,12.373494316411744,48.65857576368789,R1A,R1A
S_WNK_A1,S_WNK,south,686,Western European broadleaf forests,420.9200134277344,13.050493864569862,48.282044032482986,R,R22
S_WNK_A2,S_WNK,south,686,Western European broadleaf forests,420.9200134277344,13.050493864569862,48.282044032482986,R22,R22
S_WNK_A3,S_WNK,south,686,Western European broadleaf forests,420.9200134277344,13.050493864569862,48.282044032482986,R,R22
S_WNK_A4,S_WNK,south,686,Western European broadleaf forests,420.9200134277344,13.050493864569862,48.282044032482986,R,R22
S_WTB_A1,S_WTB,south,686,Western European broadleaf forests,502.1000061035156,13.01689549706163,48.32459274098331,R,R
S_WTB_A2,S_WTB,south,686,Western European broadleaf forests,502.1000061035156,13.01689549706163,48.32459274098331,R,R
S_WTB_A3,S_WTB,south,686,Western European broadleaf forests,502.1000061035156,13.01689549706163,48.32459274098331,R,R
S_WTB_A4,S_WTB,south,686,Western European broadleaf forests,502.1000061035156,13.01689549706163,48.32459274098331,R,R
S_WTZ_A1,S_WTZ,south,686,Western European broadleaf forests,465.9700012207031,12.877995909348336,48.35616757890431,R22,R22
S_WTZ_A2,S_WTZ,south,686,Western European broadleaf forests,465.9700012207031,12.877995909348336,48.35616757890431,R22,R22
S_WTZ_A3,S_WTZ,south,686,Western European broadleaf forests,465.9700012207031,12.877995909348336,48.35616757890431,R22,R22
S_WTZ_A4,S_WTZ,south,686,Western European broadleaf forests,465.9700012207031,12.877995909348336,48.35616757890431,R,R22
